"STATION","NAME","LATITUDE","LONGITUDE","ELEVATION","DATE","AWND","AWND_ATTRIBUTES","PGTM","PGTM_ATTRIBUTES","PRCP","PRCP_ATTRIBUTES","SNOW","SNOW_ATTRIBUTES","SNWD","SNWD_ATTRIBUTES","TAVG","TAVG_ATTRIBUTES","TMAX","TMAX_ATTRIBUTES","TMIN","TMIN_ATTRIBUTES","WDF2","WDF2_ATTRIBUTES","WDF5","WDF5_ATTRIBUTES","WSF2","WSF2_ATTRIBUTES","WSF5","WSF5_ATTRIBUTES","WT01","WT01_ATTRIBUTES","WT02","WT02_ATTRIBUTES","WT03","WT03_ATTRIBUTES","WT04","WT04_ATTRIBUTES","WT05","WT05_ATTRIBUTES","WT06","WT06_ATTRIBUTES","WT08","WT08_ATTRIBUTES","WT09","WT09_ATTRIBUTES"
"USW00014732","LAGUARDIA AIRPORT, NY US","40.77945","-73.88027","3.0","2022-01-01","2.8",",,W",,,"19.3",",,W,2400","0.0",",,W,2400","0.0",",,W,2400","11.6","H,,S","13.9",",,W","10.0",",,W","  200",",,W","  200",",,W","6.3",",,W","7.6",",,W","    1",",,W",,,,,,,,,,,,,,
"USW00014732","LAGUARDIA AIRPORT, NY US","40.77945","-73.88027","3.0","2022-01-02","4.3",",,W",,,"1.0",",,W,2400","0.0",",,W,2400","0.0",",,W,2400","11.4","H,,S","15.6",",,W","3.9",",,W","  310",",,W","  310",",,W","12.5",",,W","14.8",",,W","    1",",,W",,,,,,,,,,,,,,
"USW00014732","LAGUARDIA AIRPORT, NY US","40.77945","-73.88027","3.0","2022-01-03","6.4",",,W",,,"0.0",",,W,2400","0.0",",,W,2400","0.0",",,W,2400","1.4","H,,S","3.9",",,W","-4.3",",,W","  340",",,W","  350",",,W","12.5",",,W","15.2",",,W",,,,,,,,,,,,,,,,
"USW00014732","LAGUARDIA AIRPORT, NY US","40.77945","-73.88027","3.0","2022-01-04","3.9",",,W",,,"0.0",",,W,2400","0.0",",,W,2400","0.0",",,W,2400","-2.7","H,,S","2.2",",,W","-6.0",",,W","  320",",,W","  350",",,W","8.9",",,W","12.1",",,W",,,,,,,,,,,,,,,,
"USW00014732","LAGUARDIA AIRPORT, NY US","40.77945","-73.88027","3.0","2022-01-05","3.4",",,W",,,"6.1",",,W,2400","0.0","T,,W,2400","0.0","T,,W,2400","3.2","H,,S","8.9",",,W","0.0",",,W","  250",",,W","  200",",,W","6.7",",,W","10.7",",,W","    1",",,W",,,,,,,,,,,"    1",",,W",,
"USW00014732","LAGUARDIA AIRPORT, NY US","40.77945","-73.88027","3.0","2022-01-06","5.0",",,W",,,"0.0",",,W,2400","0.0",",,W,2400","0.0",",,W,2400","4.9","H,,S","6.1",",,W","2.2",",,W","  290",",,W","  270",",,W","12.5",",,W","14.8",",,W",,,,,,,,,,,,,,,,
"USW00014732","LAGUARDIA AIRPORT, NY US","40.77945","-73.88027","3.0","2022-01-07","8.3",",,W",,,"8.4",",,W,2400","246.0",",,W,2400","200.0",",,W,2400","0.7","H,,S","2.2",",,W","-2.1",",,W","  300",",,W","  290",",,W","13.0",",,W","17.4",",,W","    1",",,W",,,,,,,,,,,,,,
"USW00014732","LAGUARDIA AIRPORT, NY US","40.77945","-73.88027","3.0","2022-01-08","4.8",",,W",,,"0.0",",,W,2400","0.0",",,W,2400","130.0",",,W,2400","-2.5","H,,S","0.0",",,W","-4.9",",,W","  310",",,W","  300",",,W","12.5",",,W","15.7",",,W",,,,,,,,,,,,,,,,
"USW00014732","LAGUARDIA AIRPORT, NY US","40.77945","-73.88027","3.0","2022-01-09","4.9",",,W",,,"2.8",",,W,2400","0.0",",,W,2400","80.0",",,W,2400","1.4","H,,S","5.6",",,W","-1.0",",,W","  210",",,W","  210",",,W","9.4",",,W","12.1",",,W",,,,,,,,,,,,,,,,
"USW00014732","LAGUARDIA AIRPORT, NY US","40.77945","-73.88027","3.0","2022-01-10","7.5",",,W",,,"0.0",",,W,2400","0.0",",,W,2400","0.0",",,W,2400","1.6","H,,S","5.6",",,W","-3.2",",,W","  310",",,W","  320",",,W","11.6",",,W","15.7",",,W",,,,,,,,,,,,,,,,
"USW00014732","LAGUARDIA AIRPORT, NY US","40.77945","-73.88027","3.0","2022-01-11","6.4",",,W",,,"0.0","T,,W,2400","0.0","T,,W,2400","0.0","T,,W,2400","-5.4","H,,S","-3.2",",,W","-8.2",",,W","  320",",,W","  310",",,W","12.5",",,W","16.5",",,W",,,,,,,,,,,,,,,,
"USW00014732","LAGUARDIA AIRPORT, NY US","40.77945","-73.88027","3.0","2022-01-12","4.4",",,W",,,"0.0",",,W,2400","0.0",",,W,2400","0.0",",,W,2400","-1.9","H,,S","5.6",",,W","-6.6",",,W","  220",",,W","  220",",,W","8.9",",,W","11.2",",,W",,,,,,,,,,,,,,,,
"USW00014732","LAGUARDIA AIRPORT, NY US","40.77945","-73.88027","3.0","2022-01-13","2.6",",,W",,,"0.0",",,W,2400","0.0",",,W,2400","0.0",",,W,2400","4.0","H,,S","7.8",",,W","0.6",",,W","   50",",,W","   60",",,W","5.8",",,W","7.6",",,W",,,,,,,,,,,,,,,,
"USW00014732","LAGUARDIA AIRPORT, NY US","40.77945","-73.88027","3.0","2022-01-14","7.6",",,W",,,"0.0",",,W,2400","0.0",",,W,2400","0.0",",,W,2400","4.8","H,,S","6.1",",,W","-5.5",",,W","  350",",,W","  360",",,W","13.4",",,W","18.3",",,W",,,,,,,,,,,,,,,,
"USW00014732","LAGUARDIA AIRPORT, NY US","40.77945","-73.88027","3.0","2022-01-15","5.8",",,W",,,"0.0",",,W,2400","0.0",",,W,2400","0.0",",,W,2400","-6.7","H,,S","-5.5",",,W","-10.5",",,W","  330",",,W","  330",",,W","10.7",",,W","13.9",",,W",,,,,,,,,,,,,,,,
"USW00014732","LAGUARDIA AIRPORT, NY US","40.77945","-73.88027","3.0","2022-01-16","5.5",",,W",,,"9.1",",,W,2400","15.0",",,W,2400","0.0",",,W,2400","-8.0","H,,S","4.4",",,W","-12.1",",,W","   50",",,W","   80",",,W","10.3",",,W","13.0",",,W","    1",",,W",,,,,,,,,,,,,,
"USW00014732","LAGUARDIA AIRPORT, NY US","40.77945","-73.88027","3.0","2022-01-17","8.6",",,W",,,"26.9",",,W,2400","0.0","T,,W,2400","0.0",",,W,2400","3.9","H,,S","7.8",",,W","1.7",",,W","   60",",,W","   60",",,W","16.1",",,W","19.2",",,W","    1",",,W",,,,,,,,,,,"    1",",,W",,
"USW00014732","LAGUARDIA AIRPORT, NY US","40.77945","-73.88027","3.0","2022-01-18","8.4",",,W",,,"0.0",",,W,2400","0.0",",,W,2400","0.0",",,W,2400","1.8","H,,S","3.3",",,W","-0.5",",,W","  310",",,W","  300",",,W","14.8",",,W","19.2",",,W",,,,,,,,,,,,,,,,
"USW00014732","LAGUARDIA AIRPORT, NY US","40.77945","-73.88027","3.0","2022-01-19","4.7",",,W",,,"0.0",",,W,2400","0.0",",,W,2400","0.0",",,W,2400","3.2","H,,S","10.6",",,W","-1.6",",,W","  200",",,W","  200",",,W","9.4",",,W","13.0",",,W",,,,,,,,,,,,,"    1",",,W",,
"USW00014732","LAGUARDIA AIRPORT, NY US","40.77945","-73.88027","3.0","2022-01-20","5.4",",,W",,,"6.4",",,W,2400","8.0",",,W,2400","0.0",",,W,2400","5.1","H,,S","8.3",",,W","-4.9",",,W","  350",",,W","  340",",,W","9.8",",,W","12.1",",,W","    1",",,W",,,,,,,,,,,,,,
"USW00014732","LAGUARDIA AIRPORT, NY US","40.77945","-73.88027","3.0","2022-01-21","6.2",",,W",,,"0.0",",,W,2400","0.0",",,W,2400","0.0",",,W,2400","-6.0","H,,S","-4.9",",,W","-9.3",",,W","   10",",,W","   20",",,W","11.2",",,W","13.9",",,W",,,,,,,,,,,,,,,,
"USW00014732","LAGUARDIA AIRPORT, NY US","40.77945","-73.88027","3.0","2022-01-22","3.4",",,W",,,"0.0",",,W,2400","0.0",",,W,2400","0.0",",,W,2400","-5.9","H,,S","-1.0",",,W","-9.9",",,W","   20",",,W","   30",",,W","7.2",",,W","8.9",",,W",,,,,,,,,,,,,,,,
"USW00014732","LAGUARDIA AIRPORT, NY US","40.77945","-73.88027","3.0","2022-01-23","4.2",",,W",,,"0.3",",,W,2400","5.0",",,W,2400","0.0",",,W,2400","-0.7","H,,S","3.3",",,W","-3.2",",,W","  240",",,W","  270",",,W","8.9",",,W","12.1",",,W",,,,,,,,,,,,,"    1",",,W",,
"USW00014732","LAGUARDIA AIRPORT, NY US","40.77945","-73.88027","3.0","2022-01-24","3.6",",,W",,,"0.0","T,,W,2400","5.0",",,W,2400","0.0","T,,W,2400","-0.2","H,,S","3.3",",,W","-2.1",",,W","  190",",,W","  340",",,W","6.7",",,W","8.5",",,W",,,,,,,,,,,,,"    1",",,W",,
"USW00014732","LAGUARDIA AIRPORT, NY US","40.77945","-73.88027","3.0","2022-01-25","4.7",",,W",,,"0.0",",,W,2400","0.0",",,W,2400","0.0",",,W,2400","3.6","H,,S","6.1",",,W","-1.0",",,W","  300",",,W","  200",",,W","9.4",",,W","12.5",",,W",,,,,,,,,,,,,"    1",",,W",,
"USW00014732","LAGUARDIA AIRPORT, NY US","40.77945","-73.88027","3.0","2022-01-26","5.6",",,W",,,"0.0",",,W,2400","0.0",",,W,2400","0.0",",,W,2400","-2.3","H,,S","-1.0",",,W","-6.0",",,W","  320",",,W","  320",",,W","10.7",",,W","14.3",",,W",,,,,,,,,,,,,,,,
"USW00014732","LAGUARDIA AIRPORT, NY US","40.77945","-73.88027","3.0","2022-01-27","3.7",",,W",,,"0.0",",,W,2400","0.0",",,W,2400","0.0",",,W,2400","-4.2","H,,S","0.0",",,W","-7.7",",,W","  160",",,W","  180",",,W","7.6",",,W","9.4",",,W",,,,,,,,,,,,,,,,
"USW00014732","LAGUARDIA AIRPORT, NY US","40.77945","-73.88027","3.0","2022-01-28","3.5",",,W",,,"2.8",",,W,2400","33.0",",,W,2400","0.0",",,W,2400","0.1","H,,S","1.7",",,W","-1.0",",,W","   30",",,W","   30",",,W","8.1",",,W","11.2",",,W","    1",",,W",,,,,,,,,,,"    1",",,W",,
"USW00014732","LAGUARDIA AIRPORT, NY US","40.77945","-73.88027","3.0","2022-01-29","10.2",",,W",,,"12.4",",,W,2400","206.0",",,W,2400","130.0",",,W,2400","-4.8","H,,S","-1.0",",,W","-9.3",",,W","  340",",,W","  350",",,W","14.3",",,W","20.6",",,W","    1",",,W",,,,,,,,,,,"    1",",,W","    1",",,W"
"USW00014732","LAGUARDIA AIRPORT, NY US","40.77945","-73.88027","3.0","2022-01-30","6.1",",,W",,,"0.0",",,W,2400","0.0",",,W,2400","180.0",",,W,2400","-7.1","H,,S","-2.7",",,W","-9.9",",,W","  310",",,W","  310",",,W","12.5",",,W","16.5",",,W",,,,,,,,,,,,,,,,
"USW00014732","LAGUARDIA AIRPORT, NY US","40.77945","-73.88027","3.0","2022-01-31","2.9",",,W",,,"0.0",",,W,2400","0.0",",,W,2400","150.0",",,W,2400","-3.4","H,,S","-1.0",",,W","-7.1",",,W","   50",",,W","   60",",,W","4.5",",,W","7.2",",,W",,,,,,,,,,,,,,,,
"USW00014732","LAGUARDIA AIRPORT, NY US","40.77945","-73.88027","3.0","2022-02-01","3.4",",,W",,,"0.0",",,W,2400","0.0",",,W,2400","130.0",",,W,2400","-1.7","H,,S","2.8",",,W","-4.3",",,W","   60",",,W","   60",",,W","6.7",",,W","9.4",",,W",,,,,,,,,,,,,,,,
"USW00014732","LAGUARDIA AIRPORT, NY US","40.77945","-73.88027","3.0","2022-02-02","2.3",",,W",,,"0.0",",,W,2400","0.0",",,W,2400","100.0",",,W,2400","2.3","H,,S","5.6",",,W","-0.5",",,W","   40",",,W","   60",",,W","4.5",",,W","5.8",",,W","    1",",,W",,,,,,,,,,,"    1",",,W",,
"USW00014732","LAGUARDIA AIRPORT, NY US","40.77945","-73.88027","3.0","2022-02-03","2.6",",,W",,,"10.7",",,W,2400","0.0",",,W,2400","50.0",",,W,2400","6.4","H,,S","8.9",",,W","3.9",",,W","  190",",,W","  170",",,W","4.5",",,W","6.3",",,W","    1",",,W","    1",",,W",,,,,,,,,"    1",",,W",,
"USW00014732","LAGUARDIA AIRPORT, NY US","40.77945","-73.88027","3.0","2022-02-04","5.3",",,W",,,"18.8",",,W,2400","0.0","T,,W,2400","0.0",",,W,2400","5.8","H,,S","12.8",",,W","-2.1",",,W","  310",",,W","  320",",,W","10.7",",,W","12.5",",,W","    1",",,W",,,,,,,,,"    1",",,W",,,,
"USW00014732","LAGUARDIA AIRPORT, NY US","40.77945","-73.88027","3.0","2022-02-05","7.9",",,W",,,"0.0",",,W,2400","0.0","T,,W,2400","0.0",",,W,2400","-2.8","H,,S","-1.6",",,W","-6.0",",,W","  310",",,W","  300",",,W","13.0",",,W","16.1",",,W",,,,,,,,,,,,,,,,
"USW00014732","LAGUARDIA AIRPORT, NY US","40.77945","-73.88027","3.0","2022-02-06","3.2",",,W",,,"0.0",",,W,2400","0.0",",,W,2400","0.0",",,W,2400","-4.8","H,,S","0.0",",,W","-8.2",",,W","  180",",,W","  180",",,W","6.3",",,W","8.1",",,W",,,,,,,,,,,,,,,,
"USW00014732","LAGUARDIA AIRPORT, NY US","40.77945","-73.88027","3.0","2022-02-07","3.1",",,W",,,"3.8",",,W,2400","0.0","T,,W,2400","0.0","T,,W,2400","0.5","H,,S","4.4",",,W","-0.5",",,W","   40",",,W","   50",",,W","5.8",",,W","7.6",",,W","    1",",,W",,,,,"    1",",,W",,,,,"    1",",,W",,
"USW00014732","LAGUARDIA AIRPORT, NY US","40.77945","-73.88027","3.0","2022-02-08","5.7",",,W",,,"2.0",",,W,2400","0.0",",,W,2400","0.0",",,W,2400","4.1","H,,S","8.3",",,W","1.1",",,W","  310",",,W","  310",",,W","11.6",",,W","14.3",",,W","    1",",,W",,,,,,,,,,,,,,
"USW00014732","LAGUARDIA AIRPORT, NY US","40.77945","-73.88027","3.0","2022-02-09","3.7",",,W",,,"0.0",",,W,2400","0.0",",,W,2400","0.0",",,W,2400","2.8","H,,S","6.7",",,W","-0.5",",,W","  270",",,W","  260",",,W","7.6",",,W","10.7",",,W",,,,,,,,,,,,,,,,
"USW00014732","LAGUARDIA AIRPORT, NY US","40.77945","-73.88027","3.0","2022-02-10","4.4",",,W",,,"0.0",",,W,2400","0.0",",,W,2400","0.0",",,W,2400","6.3","H,,S","13.3",",,W","1.1",",,W","  270",",,W","  270",",,W","12.5",",,W","16.1",",,W","    1",",,W",,,,,,,,,,,"    1",",,W",,
"USW00014732","LAGUARDIA AIRPORT, NY US","40.77945","-73.88027","3.0","2022-02-11","5.0",",,W",,,"0.0",",,W,2400","0.0",",,W,2400","0.0",",,W,2400","8.6","H,,S","13.3",",,W","2.8",",,W","  170",",,W","  170",",,W","11.2",",,W","14.8",",,W",,,,,,,,,,,,,,,,
"USW00014732","LAGUARDIA AIRPORT, NY US","40.77945","-73.88027","3.0","2022-02-12","5.9",",,W",,,"0.0",",,W,2400","0.0",",,W,2400","0.0",",,W,2400","11.8","H,,S","15.6",",,W","5.6",",,W","  260",",,W","  270",",,W","11.2",",,W","14.8",",,W",,,,,,,,,,,,,,,,
"USW00014732","LAGUARDIA AIRPORT, NY US","40.77945","-73.88027","3.0","2022-02-13","4.7",",,W",,,"4.8",",,W,2400","61.0",",,W,2400","30.0",",,W,2400","2.8","H,,S","5.6",",,W","-3.2",",,W","  350",",,W","  320",",,W","8.1",",,W","11.6",",,W","    1",",,W",,,,,,,,,,,"    1",",,W",,
"USW00014732","LAGUARDIA AIRPORT, NY US","40.77945","-73.88027","3.0","2022-02-14","7.9",",,W",,,"0.0",",,W,2400","0.0",",,W,2400","50.0",",,W,2400","-4.3","H,,S","-2.7",",,W","-7.7",",,W","  320",",,W","  300",",,W","11.6",",,W","15.2",",,W",,,,,,,,,,,,,,,,
"USW00014732","LAGUARDIA AIRPORT, NY US","40.77945","-73.88027","3.0","2022-02-15","4.9",",,W",,,"0.0",",,W,2400","0.0",",,W,2400","0.0","T,,W,2400","-4.7","H,,S","0.0",",,W","-7.7",",,W","  310",",,W","  320",",,W","9.4",",,W","11.2",",,W",,,,,,,,,,,,,,,,
"USW00014732","LAGUARDIA AIRPORT, NY US","40.77945","-73.88027","3.0","2022-02-16","4.5",",,W",,,"0.0",",,W,2400","0.0",",,W,2400","0.0",",,W,2400","1.6","H,,S","8.3",",,W","-2.7",",,W","  190",",,W","  180",",,W","8.9",",,W","11.2",",,W",,,,,,,,,,,,,,,,
"USW00014732","LAGUARDIA AIRPORT, NY US","40.77945","-73.88027","3.0","2022-02-17","5.6",",,W",,,"7.6",",,W,2400","0.0",",,W,2400","0.0",",,W,2400","11.6","H,,S","17.2",",,W","8.3",",,W","  160",",,W","  210",",,W","9.4",",,W","12.5",",,W","    1",",,W",,,,,,,,,,,,,,
"USW00014732","LAGUARDIA AIRPORT, NY US","40.77945","-73.88027","3.0","2022-02-18","9.1",",,W",,,"6.4",",,W,2400","0.0",",,W,2400","0.0",",,W,2400","9.9","H,,S","17.2",",,W","-2.1",",,W","  320",",,W","  310",",,W","16.5",",,W","22.4",",,W",,,,,,,,,,,,,,,,
"USW00014732","LAGUARDIA AIRPORT, NY US","40.77945","-73.88027","3.0","2022-02-19","7.6",",,W",,,"0.0","T,,W,2400","0.0","T,,W,2400","0.0",",,W,2400","0.1","H,,S","5.0",",,W","-3.8",",,W","  300",",,W","  290",",,W","16.5",",,W","20.6",",,W",,,,,,,,,,,,,,,,
"USW00014732","LAGUARDIA AIRPORT, NY US","40.77945","-73.88027","3.0","2022-02-20","5.8",",,W",,,"0.0",",,W,2400","0.0",",,W,2400","0.0",",,W,2400","-2.6","H,,S","2.2",",,W","-5.5",",,W","  310",",,W","  310",",,W","15.7",",,W","21.9",",,W",,,,,,,,,,,,,,,,
"USW00014732","LAGUARDIA AIRPORT, NY US","40.77945","-73.88027","3.0","2022-02-21","3.4",",,W",,,"0.0",",,W,2400","0.0",",,W,2400","0.0",",,W,2400","4.1","H,,S","12.2",",,W","0.6",",,W","  210",",,W","  220",",,W","7.2",",,W","10.3",",,W",,,,,,,,,,,,,,,,
"USW00014732","LAGUARDIA AIRPORT, NY US","40.77945","-73.88027","3.0","2022-02-22","4.5",",,W",,,"5.8",",,W,2400","0.0",",,W,2400","0.0",",,W,2400","5.6","H,,S","13.3",",,W","2.2",",,W","  170",",,W","  180",",,W","10.3",",,W","13.9",",,W","    1",",,W","    1",",,W",,,,,,,,,"    1",",,W",,
"USW00014732","LAGUARDIA AIRPORT, NY US","40.77945","-73.88027","3.0","2022-02-23","6.4",",,W",,,"0.0","T,,W,2400","0.0",",,W,2400","0.0",",,W,2400","14.4","H,,S","20.0",",,W","2.2",",,W","  320",",,W","  320",",,W","14.3",",,W","17.9",",,W",,,,,,,,,,,,,,,,
"USW00014732","LAGUARDIA AIRPORT, NY US","40.77945","-73.88027","3.0","2022-02-24","4.8",",,W",,,"0.0","T,,W,2400","0.0","T,,W,2400","0.0",",,W,2400","1.1","H,,S","2.2",",,W","-1.6",",,W","  330",",,W","  330",",,W","9.4",",,W","11.6",",,W",,,,,,,,,,,,,,,,
"USW00014732","LAGUARDIA AIRPORT, NY US","40.77945","-73.88027","3.0","2022-02-25","6.6",",,W",,,"20.8",",,W,2400","8.0",",,W,2400","0.0","T,,W,2400","0.8","H,,S","6.1",",,W","-2.7",",,W","  320",",,W","  320",",,W","11.6",",,W","15.7",",,W","    1",",,W",,,,,"    1",",,W",,,"    1",",,W",,,,
"USW00014732","LAGUARDIA AIRPORT, NY US","40.77945","-73.88027","3.0","2022-02-26","5.0",",,W",,,"0.0",",,W,2400","0.0",",,W,2400","0.0",",,W,2400","-1.1","H,,S","3.3",",,W","-4.3",",,W","  320",",,W","  310",",,W","10.7",",,W","14.3",",,W",,,,,,,,,,,,,,,,
"USW00014732","LAGUARDIA AIRPORT, NY US","40.77945","-73.88027","3.0","2022-02-27","7.2",",,W",,,"0.0",",,W,2400","0.0",",,W,2400","0.0",",,W,2400","2.4","H,,S","8.9",",,W","-1.0",",,W","  310",",,W","  250",",,W","13.4",",,W","19.2",",,W",,,,,,,,,,,,,,,,
"USW00014732","LAGUARDIA AIRPORT, NY US","40.77945","-73.88027","3.0","2022-02-28","5.2",",,W",,,"0.0",",,W,2400","0.0",",,W,2400","0.0",",,W,2400","0.8","H,,S","2.2",",,W","-2.7",",,W","  320",",,W","  320",",,W","11.2",",,W","15.7",",,W",,,,,,,,,,,,,,,,
"USW00014732","LAGUARDIA AIRPORT, NY US","40.77945","-73.88027","3.0","2022-03-01","4.2",",,W",,,"0.0",",,W,2400","0.0",",,W,2400","0.0",",,W,2400","2.6","H,,S","8.9",",,W","-0.5",",,W","  170",",,W","  190",",,W","10.3",",,W","13.0",",,W",,,,,,,,,,,,,,,,
"USW00014732","LAGUARDIA AIRPORT, NY US","40.77945","-73.88027","3.0","2022-03-02","4.7",",,W",,,"0.0",",,W,2400","0.0",",,W,2400","0.0",",,W,2400","7.7","H,,S","11.7",",,W","4.4",",,W","  310",",,W","  310",",,W","8.1",",,W","10.3",",,W",,,,,,,,,,,,,,,,
"USW00014732","LAGUARDIA AIRPORT, NY US","40.77945","-73.88027","3.0","2022-03-03","8.2",",,W",,,"0.8",",,W,2400","0.0",",,W,2400","0.0",",,W,2400","5.6","H,,S","8.9",",,W","-3.8",",,W","  310",",,W","  320",",,W","13.4",",,W","17.0",",,W",,,,,,,,,,,,,,,,
"USW00014732","LAGUARDIA AIRPORT, NY US","40.77945","-73.88027","3.0","2022-03-04","4.2",",,W",,,"0.0",",,W,2400","0.0",",,W,2400","0.0",",,W,2400","-1.9","H,,S","3.3",",,W","-5.5",",,W","  340",",,W","  310",",,W","9.4",",,W","11.2",",,W",,,,,,,,,,,,,,,,
"USW00014732","LAGUARDIA AIRPORT, NY US","40.77945","-73.88027","3.0","2022-03-05","3.0",",,W",,,"0.0",",,W,2400","0.0",",,W,2400","0.0",",,W,2400","3.1","H,,S","7.2",",,W","-0.5",",,W","  160",",,W","  180",",,W","8.1",",,W","10.3",",,W",,,,,,,,,,,,,,,,
"USW00014732","LAGUARDIA AIRPORT, NY US","40.77945","-73.88027","3.0","2022-03-06","4.7",",,W",,,"1.3",",,W,2400","0.0",",,W,2400","0.0",",,W,2400","9.6","H,,S","20.0",",,W","3.9",",,W","  220",",,W","  210",",,W","9.8",",,W","13.0",",,W",,,,,,,,,,,,,,,,
"USW00014732","LAGUARDIA AIRPORT, NY US","40.77945","-73.88027","3.0","2022-03-07","6.2",",,W",,,"1.3",",,W,2400","0.0",",,W,2400","0.0",",,W,2400","18.2","H,,S","23.3",",,W","10.0",",,W","  290",",,W","  290",",,W","20.1",",,W","25.0",",,W",,,,,,,,,,,,,,,,
"USW00014732","LAGUARDIA AIRPORT, NY US","40.77945","-73.88027","3.0","2022-03-08","8.2",",,W",,,"0.0",",,W,2400","0.0",",,W,2400","0.0",",,W,2400","8.7","H,,S","10.0",",,W","4.4",",,W","  310",",,W","  310",",,W","17.0",",,W","20.6",",,W",,,,,,,,,,,,,,,,
"USW00014732","LAGUARDIA AIRPORT, NY US","40.77945","-73.88027","3.0","2022-03-09","4.4",",,W",,,"14.7",",,W,2400","15.0",",,W,2400","0.0",",,W,2400","3.2","H,,S","5.0",",,W","0.6",",,W","   40",",,W","   40",",,W","7.6",",,W","9.4",",,W","    1",",,W",,,,,"    1",",,W",,,,,,,,
"USW00014732","LAGUARDIA AIRPORT, NY US","40.77945","-73.88027","3.0","2022-03-10","2.5",",,W",,,"0.0",",,W,2400","0.0",",,W,2400","0.0","T,,W,2400","4.0","H,,S","10.0",",,W","0.0",",,W","  170",",,W","  130",",,W","5.4",",,W","6.7",",,W","    1",",,W",,,,,,,,,,,"    1",",,W",,
"USW00014732","LAGUARDIA AIRPORT, NY US","40.77945","-73.88027","3.0","2022-03-11","3.1",",,W",,,"0.0",",,W,2400","0.0",",,W,2400","0.0",",,W,2400","7.2","H,,S","11.7",",,W","2.2",",,W","  150",",,W","  160",",,W","7.2",",,W","9.4",",,W",,,,,,,,,,,,,"    1",",,W",,
"USW00014732","LAGUARDIA AIRPORT, NY US","40.77945","-73.88027","3.0","2022-03-12","8.4",",,W",,,"11.9",",,W,2400","23.0",",,W,2400","0.0",",,W,2400","5.1","H,,S","8.3",",,W","-3.8",",,W","  320",",,W","  300",",,W","17.9",",,W","21.5",",,W","    1",",,W","    1",",,W",,,,,,,,,,,,
"USW00014732","LAGUARDIA AIRPORT, NY US","40.77945","-73.88027","3.0","2022-03-13","7.3",",,W",,,"0.0","T,,W,2400","3.0",",,W,2400","0.0",",,W,2400","-2.3","H,,S","1.7",",,W","-4.9",",,W","  290",",,W","  300",",,W","16.1",",,W","21.5",",,W",,,,,,,,,,,,,,,,
"USW00014732","LAGUARDIA AIRPORT, NY US","40.77945","-73.88027","3.0","2022-03-14","4.4",",,W",,,"0.0",",,W,2400","0.0",",,W,2400","0.0",",,W,2400","5.3","H,,S","13.9",",,W","1.1",",,W","  160",",,W","  210",",,W","8.1",",,W","10.3",",,W",,,,,,,,,,,,,,,,
"USW00014732","LAGUARDIA AIRPORT, NY US","40.77945","-73.88027","3.0","2022-03-15","4.1",",,W",,,"0.0","T,,W,2400","0.0",",,W,2400","0.0",",,W,2400","11.6","H,,S","20.0",",,W","7.8",",,W","  310",",,W","  310",",,W","11.2",",,W","13.0",",,W",,,,,,,,,,,,,,,,
"USW00014732","LAGUARDIA AIRPORT, NY US","40.77945","-73.88027","3.0","2022-03-16","3.5",",,W",,,"0.0",",,W,2400","0.0",",,W,2400","0.0",",,W,2400","13.6","H,,S","17.8",",,W","6.1",",,W","  170",",,W","  280",",,W","7.6",",,W","10.3",",,W",,,,,,,,,,,,,,,,
"USW00014732","LAGUARDIA AIRPORT, NY US","40.77945","-73.88027","3.0","2022-03-17","4.1",",,W",,,"2.8",",,W,2400","0.0",",,W,2400","0.0",",,W,2400","8.2","H,,S","12.8",",,W","5.6",",,W","   50",",,W","   40",",,W","7.2",",,W","8.5",",,W","    1",",,W","    1",",,W",,,,,,,,,"    1",",,W",,
"USW00014732","LAGUARDIA AIRPORT, NY US","40.77945","-73.88027","3.0","2022-03-18","3.4",",,W",,,"0.0",",,W,2400","0.0",",,W,2400","0.0",",,W,2400","13.9","H,,S","22.8",",,W","9.4",",,W","  160",",,W","  170",",,W","7.2",",,W","8.9",",,W","    1",",,W","    1",",,W",,,,,,,,,"    1",",,W",,
"USW00014732","LAGUARDIA AIRPORT, NY US","40.77945","-73.88027","3.0","2022-03-19","3.3",",,W",,,"1.8",",,W,2400","0.0",",,W,2400","0.0",",,W,2400","13.1","H,,S","20.0",",,W","7.8",",,W","  160",",,W","  160",",,W","7.2",",,W","8.5",",,W","    1",",,W","    1",",,W","    1",",,W",,,,,,,"    1",",,W",,
"USW00014732","LAGUARDIA AIRPORT, NY US","40.77945","-73.88027","3.0","2022-03-20","7.3",",,W",,,"0.0","T,,W,2400","0.0",",,W,2400","0.0",",,W,2400","14.3","H,,S","16.1",",,W","7.8",",,W","  310",",,W","  310",",,W","14.3",",,W","17.9",",,W",,,,,,,,,,,,,,,,
"USW00014732","LAGUARDIA AIRPORT, NY US","40.77945","-73.88027","3.0","2022-03-21","6.4",",,W",,,"0.0",",,W,2400","0.0",",,W,2400","0.0",",,W,2400","10.4","H,,S","16.7",",,W","6.7",",,W","  310",",,W","  290",",,W","12.5",",,W","15.7",",,W",,,,,,,,,,,,,,,,
"USW00014732","LAGUARDIA AIRPORT, NY US","40.77945","-73.88027","3.0","2022-03-22","7.2",",,W",,,"0.0",",,W,2400","0.0",",,W,2400","0.0",",,W,2400","10.7","H,,S","13.9",",,W","6.7",",,W","  310",",,W","  320",",,W","11.2",",,W","13.4",",,W",,,,,,,,,,,,,,,,
"USW00014732","LAGUARDIA AIRPORT, NY US","40.77945","-73.88027","3.0","2022-03-23","5.2",",,W",,,"2.8",",,W,2400","0.0",",,W,2400","0.0",",,W,2400","7.2","H,,S","8.3",",,W","3.9",",,W","  110",",,W","   50",",,W","8.9",",,W","10.3",",,W",,,,,,,,,,,,,,,,
"USW00014732","LAGUARDIA AIRPORT, NY US","40.77945","-73.88027","3.0","2022-03-24","7.6",",,W",,,"25.9",",,W,2400","0.0",",,W,2400","0.0",",,W,2400","5.7","H,,S","8.3",",,W","3.9",",,W","   50",",,W","   50",",,W","12.5",",,W","15.2",",,W","    1",",,W",,,,,,,,,,,,,,
"USW00014732","LAGUARDIA AIRPORT, NY US","40.77945","-73.88027","3.0","2022-03-25","4.8",",,W",,,"0.8",",,W,2400","0.0",",,W,2400","0.0",",,W,2400","9.6","H,,S","15.6",",,W","6.7",",,W","  260",",,W","  270",",,W","9.8",",,W","13.9",",,W","    1",",,W",,,,,,,,,,,,,,
"USW00014732","LAGUARDIA AIRPORT, NY US","40.77945","-73.88027","3.0","2022-03-26","5.5",",,W",,,"1.0",",,W,2400","0.0",",,W,2400","0.0",",,W,2400","10.4","H,,S","11.7",",,W","6.1",",,W","  270",",,W","  250",",,W","10.7",",,W","14.3",",,W",,,,,"    1",",,W",,,,,,,,,,
"USW00014732","LAGUARDIA AIRPORT, NY US","40.77945","-73.88027","3.0","2022-03-27","8.2",",,W",,,"0.0","T,,W,2400","0.0",",,W,2400","0.0",",,W,2400","5.9","H,,S","7.2",",,W","-1.0",",,W","  310",",,W","  290",",,W","13.9",",,W","17.0",",,W",,,,,,,,,,,,,,,,
"USW00014732","LAGUARDIA AIRPORT, NY US","40.77945","-73.88027","3.0","2022-03-28","9.9",",,W",,,"0.0",",,W,2400","0.0",",,W,2400","0.0",",,W,2400","-1.5","H,,S","0.0",",,W","-4.3",",,W","  330",",,W","  270",",,W","14.3",",,W","18.8",",,W",,,,,,,,,,,,,,,,
"USW00014732","LAGUARDIA AIRPORT, NY US","40.77945","-73.88027","3.0","2022-03-29","8.5",",,W",,,"0.0",",,W,2400","0.0",",,W,2400","0.0",",,W,2400","-1.2","H,,S","2.8",",,W","-3.8",",,W","  310",",,W","  290",",,W","12.5",",,W","15.7",",,W",,,,,,,,,,,,,,,,
"USW00014732","LAGUARDIA AIRPORT, NY US","40.77945","-73.88027","3.0","2022-03-30","3.9",",,W",,,"0.0",",,W,2400","0.0",",,W,2400","0.0",",,W,2400","2.6","H,,S","8.3",",,W","-1.0",",,W","  310",",,W","  310",",,W","9.4",",,W","10.7",",,W",,,,,,,,,,,,,,,,
"USW00014732","LAGUARDIA AIRPORT, NY US","40.77945","-73.88027","3.0","2022-03-31","4.8",",,W",,,"1.3",",,W,2400","0.0",",,W,2400","0.0",",,W,2400","9.9","H,,S","17.8",",,W","5.6",",,W","  180",",,W","  160",",,W","10.3",",,W","14.3",",,W","    1",",,W","    1",",,W",,,,,,,,,"    1",",,W",,
"USW00014732","LAGUARDIA AIRPORT, NY US","40.77945","-73.88027","3.0","2022-04-01","7.6",",,W",,,"6.6",",,W,2400","0.0",",,W,2400","0.0",",,W,2400","13.1","H,,S","16.1",",,W","6.1",",,W","  290",",,W","  290",",,W","16.1",",,W","20.6",",,W","    1",",,W",,,,,,,,,,,,,,
"USW00014732","LAGUARDIA AIRPORT, NY US","40.77945","-73.88027","3.0","2022-04-02","6.1",",,W",,,"0.0",",,W,2400","0.0",",,W,2400","0.0",",,W,2400","7.2","H,,S","12.8",",,W","3.9",",,W","  310",",,W","  310",",,W","13.0",",,W","16.1",",,W",,,,,,,,,,,,,,,,
"USW00014732","LAGUARDIA AIRPORT, NY US","40.77945","-73.88027","3.0","2022-04-03","4.0",",,W",,,"2.3",",,W,2400","0.0",",,W,2400","0.0",",,W,2400","7.0","H,,S","7.8",",,W","5.0",",,W","  300",",,W","  290",",,W","11.2",",,W","14.8",",,W",,,,,,,,,,,,,,,,
"USW00014732","LAGUARDIA AIRPORT, NY US","40.77945","-73.88027","3.0","2022-04-04","5.4",",,W",,,"0.0",",,W,2400","0.0",",,W,2400","0.0",",,W,2400","7.6","H,,S","12.2",",,W","4.4",",,W","  310",",,W","  300",",,W","10.7",",,W","13.4",",,W",,,,,,,,,,,,,,,,
"USW00014732","LAGUARDIA AIRPORT, NY US","40.77945","-73.88027","3.0","2022-04-05","3.4",",,W",,,"1.5",",,W,2400","0.0",",,W,2400","0.0",",,W,2400","9.7","H,,S","12.8",",,W","6.7",",,W","  160",",,W","  160",",,W","7.6",",,W","8.9",",,W",,,,,,,,,,,,,,,,
"USW00014732","LAGUARDIA AIRPORT, NY US","40.77945","-73.88027","3.0","2022-04-06","6.9",",,W",,,"9.1",",,W,2400","0.0",",,W,2400","0.0",",,W,2400","8.6","H,,S","11.7",",,W","6.7",",,W","   50",",,W","   60",",,W","13.4",",,W","17.4",",,W","    1",",,W",,,,,,,,,,,,,,
"USW00014732","LAGUARDIA AIRPORT, NY US","40.77945","-73.88027","3.0","2022-04-07","7.5",",,W",,,"24.6",",,W,2400","0.0",",,W,2400","0.0",",,W,2400","9.1","H,,S","13.3",",,W","7.8",",,W","  130",",,W","  110",",,W","15.7",",,W","22.4",",,W","    1",",,W",,,"    1",",,W",,,,,,,"    1",",,W",,
"USW00014732","LAGUARDIA AIRPORT, NY US","40.77945","-73.88027","3.0","2022-04-08","4.7",",,W",,,"1.0",",,W,2400","0.0",",,W,2400","0.0",",,W,2400","12.8","H,,S","17.8",",,W","10.0",",,W","  290",",,W","  280",",,W","8.9",",,W","12.5",",,W","    1",",,W",,,,,,,,,,,,,,
"USW00014732","LAGUARDIA AIRPORT, NY US","40.77945","-73.88027","3.0","2022-04-09","4.4",",,W",,,"0.5",",,W,2400","0.0",",,W,2400","0.0",",,W,2400","11.4","H,,S","13.3",",,W","8.9",",,W","  310",",,W","  310",",,W","11.2",",,W","13.9",",,W",,,,,,,,,,,,,,,,
"USW00014732","LAGUARDIA AIRPORT, NY US","40.77945","-73.88027","3.0","2022-04-10","7.9",",,W",,,"0.0","T,,W,2400","0.0",",,W,2400","0.0",",,W,2400","8.6","H,,S","9.4",",,W","6.1",",,W","  320",",,W","  300",",,W","13.4",",,W","16.1",",,W",,,,,,,,,,,,,,,,
"USW00014732","LAGUARDIA AIRPORT, NY US","40.77945","-73.88027","3.0","2022-04-11","4.7",",,W",,,"0.0",",,W,2400","0.0",",,W,2400","0.0",",,W,2400","8.8","H,,S","15.6",",,W","5.6",",,W","  190",",,W","  190",",,W","9.8",",,W","11.6",",,W",,,,,,,,,,,,,,,,
"USW00014732","LAGUARDIA AIRPORT, NY US","40.77945","-73.88027","3.0","2022-04-12","3.3",",,W",,,"1.0",",,W,2400","0.0",",,W,2400","0.0",",,W,2400","13.4","H,,S","21.7",",,W","10.0",",,W","  300",",,W","  310",",,W","7.2",",,W","9.4",",,W",,,,,,,,,,,,,,,,
"USW00014732","LAGUARDIA AIRPORT, NY US","40.77945","-73.88027","3.0","2022-04-13","3.4",",,W",,,"0.0",",,W,2400","0.0",",,W,2400","0.0",",,W,2400","15.4","H,,S","20.6",",,W","10.0",",,W","  170",",,W","  140",",,W","7.6",",,W","10.7",",,W",,,,,,,,,,,,,,,,
"USW00014732","LAGUARDIA AIRPORT, NY US","40.77945","-73.88027","3.0","2022-04-14","4.9",",,W",,,"2.8",",,W,2400","0.0",",,W,2400","0.0",",,W,2400","16.3","H,,S","21.7",",,W","12.8",",,W","  320",",,W","  320",",,W","12.5",",,W","16.1",",,W",,,,,"    1",",,W",,,,,,,,,,
"USW00014732","LAGUARDIA AIRPORT, NY US","40.77945","-73.88027","3.0","2022-04-15","5.5",",,W",,,"0.0",",,W,2400","0.0",",,W,2400","0.0",",,W,2400","15.7","H,,S","20.6",",,W","10.6",",,W","  180",",,W","  180",",,W","13.0",",,W","17.0",",,W",,,,,,,,,,,,,,,,
"USW00014732","LAGUARDIA AIRPORT, NY US","40.77945","-73.88027","3.0","2022-04-16","5.6",",,W",,,"3.6",",,W,2400","0.0",",,W,2400","0.0",",,W,2400","15.7","H,,S","21.1",",,W","7.2",",,W","  330",",,W","  330",",,W","11.6",",,W","14.3",",,W",,,,,,,,,,,,,,,,
"USW00014732","LAGUARDIA AIRPORT, NY US","40.77945","-73.88027","3.0","2022-04-17","7.0",",,W",,,"0.0",",,W,2400","0.0",",,W,2400","0.0",",,W,2400","8.3","H,,S","10.0",",,W","5.6",",,W","  290",",,W","  290",",,W","12.5",",,W","16.1",",,W",,,,,,,,,,,,,,,,
"USW00014732","LAGUARDIA AIRPORT, NY US","40.77945","-73.88027","3.0","2022-04-18","5.7",",,W",,,"23.4",",,W,2400","0.0",",,W,2400","0.0",",,W,2400","7.9","H,,S","11.7",",,W","5.0",",,W","   70",",,W","   80",",,W","11.6",",,W","14.8",",,W","    1",",,W",,,,,,,,,,,,,,
"USW00014732","LAGUARDIA AIRPORT, NY US","40.77945","-73.88027","3.0","2022-04-19","8.8",",,W",,,"29.0",",,W,2400","0.0",",,W,2400","0.0",",,W,2400","7.6","H,,S","10.0",",,W","4.4",",,W","  260",",,W","  280",",,W","14.3",",,W","18.3",",,W","    1",",,W",,,,,,,,,,,,,,
"USW00014732","LAGUARDIA AIRPORT, NY US","40.77945","-73.88027","3.0","2022-04-20","5.5",",,W",,,"0.0",",,W,2400","0.0",",,W,2400","0.0",",,W,2400","9.4","H,,S","15.6",",,W","6.1",",,W","  300",",,W","  290",",,W","11.6",",,W","14.8",",,W",,,,,,,,,,,,,,,,
"USW00014732","LAGUARDIA AIRPORT, NY US","40.77945","-73.88027","3.0","2022-04-21","5.4",",,W",,,"0.0",",,W,2400","0.0",",,W,2400","0.0",",,W,2400","10.6","H,,S","15.0",",,W","7.2",",,W","  170",",,W","  170",",,W","11.6",",,W","16.1",",,W",,,,,,,,,,,,,,,,
"USW00014732","LAGUARDIA AIRPORT, NY US","40.77945","-73.88027","3.0","2022-04-22","4.8",",,W",,,"0.0",",,W,2400","0.0",",,W,2400","0.0",",,W,2400","14.6","H,,S","20.0",",,W","11.1",",,W","  300",",,W","  330",",,W","10.3",",,W","12.5",",,W",,,,,,,,,,,,,,,,
"USW00014732","LAGUARDIA AIRPORT, NY US","40.77945","-73.88027","3.0","2022-04-23","3.1",",,W",,,"0.0",",,W,2400","0.0",",,W,2400","0.0",",,W,2400","13.3","H,,S","16.1",",,W","10.0",",,W","  180",",,W","  150",",,W","7.2",",,W","8.5",",,W",,,,,,,,,,,,,,,,
"USW00014732","LAGUARDIA AIRPORT, NY US","40.77945","-73.88027","3.0","2022-04-24","4.1",",,W",,,"0.0",",,W,2400","0.0",",,W,2400","0.0",",,W,2400","12.8","H,,S","15.6",",,W","8.9",",,W","   40",",,W","  150",",,W","8.1",",,W","10.3",",,W",,,,,,,,,,,,,,,,
"USW00014732","LAGUARDIA AIRPORT, NY US","40.77945","-73.88027","3.0","2022-04-25","4.2",",,W",,,"0.0",",,W,2400","0.0",",,W,2400","0.0",",,W,2400","10.4","H,,S","14.4",",,W","7.8",",,W","  140",",,W","   60",",,W","6.3",",,W","8.9",",,W",,,,,,,,,,,,,,,,
"USW00014732","LAGUARDIA AIRPORT, NY US","40.77945","-73.88027","3.0","2022-04-26","3.8",",,W",,,"1.3",",,W,2400","0.0",",,W,2400","0.0",",,W,2400","11.5","H,,S","15.6",",,W","10.0",",,W","   50",",,W","   40",",,W","7.6",",,W","10.7",",,W","    1",",,W",,,,,,,,,,,"    1",",,W",,
"USW00014732","LAGUARDIA AIRPORT, NY US","40.77945","-73.88027","3.0","2022-04-27","9.6",",,W",,,"0.0",",,W,2400","0.0",",,W,2400","0.0",",,W,2400","11.6","H,,S","15.0",",,W","5.6",",,W","  310",",,W","  310",",,W","13.9",",,W","17.4",",,W",,,,,,,,,,,,,,,,
"USW00014732","LAGUARDIA AIRPORT, NY US","40.77945","-73.88027","3.0","2022-04-28","9.3",",,W",,,"0.0",",,W,2400","0.0",",,W,2400","0.0",",,W,2400","8.2","H,,S","13.3",",,W","5.0",",,W","  320",",,W","  320",",,W","13.9",",,W","18.3",",,W",,,,,,,,,,,,,,,,
"USW00014732","LAGUARDIA AIRPORT, NY US","40.77945","-73.88027","3.0","2022-04-29","7.7",",,W",,,"0.0",",,W,2400","0.0",",,W,2400","0.0",",,W,2400","10.4","H,,S","16.7",",,W","5.6",",,W","  330",",,W","  320",",,W","13.4",",,W","15.7",",,W",,,,,,,,,,,,,,,,
"USW00014732","LAGUARDIA AIRPORT, NY US","40.77945","-73.88027","3.0","2022-04-30","3.6",",,W",,,"0.0",",,W,2400","0.0",",,W,2400","0.0",",,W,2400","12.9","H,,S","19.4",",,W","8.3",",,W","  160",",,W","  350",",,W","7.2",",,W","9.4",",,W",,,,,,,,,,,,,,,,
"USW00014732","LAGUARDIA AIRPORT, NY US","40.77945","-73.88027","3.0","2022-05-01","3.8",",,W",,,"0.0","T,,W,2400","0.0",",,W,2400","0.0",",,W,2400","13.6","H,,S","19.4",",,W","8.9",",,W","  160",",,W","  150",",,W","7.2",",,W","8.9",",,W",,,,,,,,,,,,,,,,
"USW00014732","LAGUARDIA AIRPORT, NY US","40.77945","-73.88027","3.0","2022-05-02","4.3",",,W",,,"8.9",",,W,2400","0.0",",,W,2400","0.0",",,W,2400","12.1","H,,S","13.9",",,W","10.0",",,W","  130",",,W","   40",",,W","8.9",",,W","10.3",",,W","    1",",,W",,,"    1",",,W",,,,,,,"    1",",,W",,
"USW00014732","LAGUARDIA AIRPORT, NY US","40.77945","-73.88027","3.0","2022-05-03","4.5",",,W",,,"0.0","T,,W,2400","0.0",",,W,2400","0.0",",,W,2400","12.4","H,,S","16.1",",,W","10.0",",,W","   50",",,W","   50",",,W","7.6",",,W","10.3",",,W","    1",",,W",,,,,,,,,,,,,,
"USW00014732","LAGUARDIA AIRPORT, NY US","40.77945","-73.88027","3.0","2022-05-04","2.7",",,W",,,"3.0",",,W,2400","0.0",",,W,2400","0.0",",,W,2400","12.0","H,,S","19.4",",,W","10.0",",,W","   60",",,W","   60",",,W","6.3",",,W","8.1",",,W","    1",",,W",,,,,,,,,,,"    1",",,W",,
"USW00014732","LAGUARDIA AIRPORT, NY US","40.77945","-73.88027","3.0","2022-05-05","4.1",",,W",,,"0.0",",,W,2400","0.0",",,W,2400","0.0",",,W,2400","17.2","H,,S","21.7",",,W","13.3",",,W","  340",",,W","  360",",,W","7.2",",,W","9.4",",,W",,,,,,,,,,,,,,,,
"USW00014732","LAGUARDIA AIRPORT, NY US","40.77945","-73.88027","3.0","2022-05-06","3.8",",,W",,,"18.8",",,W,2400","0.0",",,W,2400","0.0",",,W,2400","14.8","H,,S","16.7",",,W","10.0",",,W","  110",",,W","  110",",,W","7.6",",,W","9.8",",,W","    1",",,W",,,,,,,,,,,,,,
"USW00014732","LAGUARDIA AIRPORT, NY US","40.77945","-73.88027","3.0","2022-05-07","8.9",",,W",,,"26.9",",,W,2400","0.0",",,W,2400","0.0",",,W,2400","10.0","H,,S","11.1",",,W","7.8",",,W","   50",",,W","   50",",,W","14.8",",,W","17.9",",,W","    1",",,W",,,,,,,,,,,,,,
"USW00014732","LAGUARDIA AIRPORT, NY US","40.77945","-73.88027","3.0","2022-05-08","8.0",",,W",,,"0.5",",,W,2400","0.0",",,W,2400","0.0",",,W,2400","10.4","H,,S","15.0",",,W","7.8",",,W","   60",",,W","   60",",,W","13.4",",,W","16.1",",,W",,,,,,,,,,,,,,,,
"USW00014732","LAGUARDIA AIRPORT, NY US","40.77945","-73.88027","3.0","2022-05-09","7.0",",,W",,,"0.0",",,W,2400","0.0",",,W,2400","0.0",",,W,2400","13.5","H,,S","20.6",",,W","8.3",",,W","   50",",,W","   50",",,W","10.7",",,W","12.5",",,W",,,,,,,,,,,,,,,,
"USW00014732","LAGUARDIA AIRPORT, NY US","40.77945","-73.88027","3.0","2022-05-10","6.4",",,W",,,"0.0",",,W,2400","0.0",",,W,2400","0.0",",,W,2400","15.4","H,,S","21.7",",,W","11.7",",,W","   40",",,W","   40",",,W","11.6",",,W","14.8",",,W",,,,,,,,,,,,,,,,
"USW00014732","LAGUARDIA AIRPORT, NY US","40.77945","-73.88027","3.0","2022-05-11","4.1",",,W",,,"0.0",",,W,2400","0.0",",,W,2400","0.0",",,W,2400","16.1","H,,S","24.4",",,W","11.7",",,W","   50",",,W","   40",",,W","9.4",",,W","11.2",",,W",,,,,,,,,,,,,,,,
"USW00014732","LAGUARDIA AIRPORT, NY US","40.77945","-73.88027","3.0","2022-05-12","4.2",",,W",,,"0.0",",,W,2400","0.0",",,W,2400","0.0",",,W,2400","17.1","H,,S","22.2",",,W","13.9",",,W","   60",",,W","   60",",,W","7.6",",,W","10.7",",,W","    1",",,W",,,,,,,,,,,,,,
"USW00014732","LAGUARDIA AIRPORT, NY US","40.77945","-73.88027","3.0","2022-05-13","3.9",",,W",,,"0.0","T,,W,2400","0.0",",,W,2400","0.0",",,W,2400","16.0","H,,S","18.9",",,W","13.3",",,W","   50",",,W","   40",",,W","9.4",",,W","10.3",",,W","    1",",,W","    1",",,W",,,,,,,,,"    1",",,W",,
"USW00014732","LAGUARDIA AIRPORT, NY US","40.77945","-73.88027","3.0","2022-05-14","2.9",",,W",,,"7.1",",,W,2400","0.0",",,W,2400","0.0",",,W,2400","17.9","H,,S","23.3",",,W","14.4",",,W","  160",",,W","  150",",,W","8.1",",,W","9.8",",,W","    1",",,W","    1",",,W",,,,,,,,,"    1",",,W",,
"USW00014732","LAGUARDIA AIRPORT, NY US","40.77945","-73.88027","3.0","2022-05-15","3.1",",,W",,,"0.5",",,W,2400","0.0",",,W,2400","0.0",",,W,2400","18.8","H,,S","25.6",",,W","15.0",",,W","  190",",,W","  180",",,W","8.1",",,W","9.8",",,W","    1",",,W",,,,,,,,,,,,,,
"USW00014732","LAGUARDIA AIRPORT, NY US","40.77945","-73.88027","3.0","2022-05-16","4.6",",,W",,,"11.9",",,W,2400","0.0",",,W,2400","0.0",",,W,2400","20.4","H,,S","23.9",",,W","16.7",",,W","  290",",,W","  300",",,W","14.3",",,W","17.9",",,W",,,,,"    1",",,W",,,,,,,,,,
"USW00014732","LAGUARDIA AIRPORT, NY US","40.77945","-73.88027","3.0","2022-05-17","7.0",",,W",,,"0.0",",,W,2400","0.0",",,W,2400","0.0",",,W,2400","19.7","H,,S","25.6",",,W","15.0",",,W","  300",",,W","  290",",,W","14.8",",,W","19.2",",,W",,,,,,,,,,,,,,,,
"USW00014732","LAGUARDIA AIRPORT, NY US","40.77945","-73.88027","3.0","2022-05-18","4.9",",,W",,,"0.0","T,,W,2400","0.0",",,W,2400","0.0",",,W,2400","17.8","H,,S","22.8",",,W","13.9",",,W","  300",",,W","  300",",,W","9.4",",,W","11.2",",,W",,,,,,,,,,,,,,,,
"USW00014732","LAGUARDIA AIRPORT, NY US","40.77945","-73.88027","3.0","2022-05-19","3.0",",,W",,,"18.3",",,W,2400","0.0",",,W,2400","0.0",",,W,2400","15.5","H,,S","20.0",",,W","12.8",",,W","  130",",,W","  140",",,W","6.3",",,W","7.6",",,W","    1",",,W",,,,,,,,,,,"    1",",,W",,
"USW00014732","LAGUARDIA AIRPORT, NY US","40.77945","-73.88027","3.0","2022-05-20","3.7",",,W",,,"11.2",",,W,2400","0.0",",,W,2400","0.0",",,W,2400","15.4","H,,S","20.0",",,W","12.2",",,W","   60",",,W","   60",",,W","7.6",",,W","9.8",",,W","    1",",,W","    1",",,W","    1",",,W",,,,,,,"    1",",,W",,
"USW00014732","LAGUARDIA AIRPORT, NY US","40.77945","-73.88027","3.0","2022-05-21","2.6",",,W",,,"0.0",",,W,2400","0.0",",,W,2400","0.0",",,W,2400","21.2","H,,S","32.8",",,W","14.4",",,W","  170",",,W","  170",",,W","6.7",",,W","8.1",",,W",,,"    1",",,W",,,,,,,,,"    1",",,W",,
"USW00014732","LAGUARDIA AIRPORT, NY US","40.77945","-73.88027","3.0","2022-05-22","3.8",",,W",,,"0.0",",,W,2400","0.0",",,W,2400","0.0",",,W,2400","27.8","H,,S","33.3",",,W","21.7",",,W","  170",",,W","  330",",,W","8.9",",,W","10.3",",,W",,,,,"    1",",,W",,,,,,,,,,
"USW00014732","LAGUARDIA AIRPORT, NY US","40.77945","-73.88027","3.0","2022-05-23","5.0",",,W",,,"0.0","T,,W,2400","0.0",",,W,2400","0.0",",,W,2400","21.0","H,,S","22.8",",,W","16.7",",,W","  360",",,W","  360",",,W","9.8",",,W","12.1",",,W",,,,,,,,,,,,,,,,
"USW00014732","LAGUARDIA AIRPORT, NY US","40.77945","-73.88027","3.0","2022-05-24","5.1",",,W",,,"0.0","T,,W,2400","0.0",",,W,2400","0.0",",,W,2400","17.4","H,,S","18.3",",,W","14.4",",,W","   50",",,W","   50",",,W","8.9",",,W","11.2",",,W",,,,,,,,,,,,,,,,
"USW00014732","LAGUARDIA AIRPORT, NY US","40.77945","-73.88027","3.0","2022-05-25","3.6",",,W",,,"0.0",",,W,2400","0.0",",,W,2400","0.0",",,W,2400","16.2","H,,S","21.1",",,W","12.8",",,W","  160",",,W","  190",",,W","6.7",",,W","9.4",",,W",,,,,,,,,,,,,,,,
"USW00014732","LAGUARDIA AIRPORT, NY US","40.77945","-73.88027","3.0","2022-05-26","4.5",",,W",,,"0.0",",,W,2400","0.0",",,W,2400","0.0",",,W,2400","16.4","H,,S","21.1",",,W","12.8",",,W","  180",",,W","  150",",,W","8.1",",,W","10.3",",,W",,,,,,,,,,,,,,,,
"USW00014732","LAGUARDIA AIRPORT, NY US","40.77945","-73.88027","3.0","2022-05-27","4.4",",,W",,,"4.1",",,W,2400","0.0",",,W,2400","0.0",",,W,2400","20.2","H,,S","26.1",",,W","17.8",",,W","  170",",,W","  170",",,W","10.3",",,W","12.5",",,W","    1",",,W","    1",",,W","    1",",,W",,,,,,,"    1",",,W",,
"USW00014732","LAGUARDIA AIRPORT, NY US","40.77945","-73.88027","3.0","2022-05-28","3.5",",,W",,,"6.9",",,W,2400","0.0",",,W,2400","0.0",",,W,2400","20.4","H,,S","25.0",",,W","17.2",",,W","  280",",,W","  290",",,W","14.3",",,W","18.3",",,W","    1",",,W",,,"    1",",,W",,,,,,,,,,
"USW00014732","LAGUARDIA AIRPORT, NY US","40.77945","-73.88027","3.0","2022-05-29","2.6",",,W",,,"0.0",",,W,2400","0.0",",,W,2400","0.0",",,W,2400","20.7","H,,S","26.1",",,W","16.7",",,W","  180",",,W","  190",",,W","8.1",",,W","9.8",",,W",,,,,,,,,,,,,,,,
"USW00014732","LAGUARDIA AIRPORT, NY US","40.77945","-73.88027","3.0","2022-05-30","3.6",",,W",,,"0.0",",,W,2400","0.0",",,W,2400","0.0",",,W,2400","23.3","H,,S","30.0",",,W","18.3",",,W","  170",",,W","  170",",,W","8.9",",,W","10.3",",,W",,,,,,,,,,,,,,,,
"USW00014732","LAGUARDIA AIRPORT, NY US","40.77945","-73.88027","3.0","2022-05-31","5.1",",,W",,,"0.0",",,W,2400","0.0",",,W,2400","0.0",",,W,2400","28.3","H,,S","33.9",",,W","17.2",",,W","   50",",,W","  330",",,W","10.3",",,W","12.5",",,W",,,,,,,,,,,,,,,,
"USW00014732","LAGUARDIA AIRPORT, NY US","40.77945","-73.88027","3.0","2022-06-01","5.1",",,W",,,"21.3",",,W,2400","0.0",",,W,2400","0.0",",,W,2400","17.8","H,,S","19.4",",,W","15.0",",,W","   50",",,W","   50",",,W","10.3",",,W","11.6",",,W","    1",",,W",,,"    1",",,W",,,,,,,,,,
"USW00014732","LAGUARDIA AIRPORT, NY US","40.77945","-73.88027","3.0","2022-06-02","3.1",",,W",,,"13.2",",,W,2400","0.0",",,W,2400","0.0",",,W,2400","20.3","H,,S","28.3",",,W","16.7",",,W","  340",",,W","  330",",,W","11.2",",,W","15.7",",,W","    1",",,W",,,"    1",",,W",,,,,,,,,,
"USW00014732","LAGUARDIA AIRPORT, NY US","40.77945","-73.88027","3.0","2022-06-03","3.8",",,W",,,"0.0","T,,W,2400","0.0",",,W,2400","0.0",",,W,2400","19.5","H,,S","23.9",",,W","16.1",",,W","   50",",,W","   40",",,W","6.7",",,W","8.1",",,W","    1",",,W","    1",",,W",,,,,,,,,"    1",",,W",,
"USW00014732","LAGUARDIA AIRPORT, NY US","40.77945","-73.88027","3.0","2022-06-04","3.0",",,W",,,"0.0",",,W,2400","0.0",",,W,2400","0.0",",,W,2400","21.9","H,,S","27.2",",,W","17.2",",,W","  180",",,W","  170",",,W","9.4",",,W","11.2",",,W",,,,,,,,,,,,,,,,
"USW00014732","LAGUARDIA AIRPORT, NY US","40.77945","-73.88027","3.0","2022-06-05","3.2",",,W",,,"0.0",",,W,2400","0.0",",,W,2400","0.0",",,W,2400","20.0","H,,S","24.4",",,W","15.6",",,W","  310",",,W","  340",",,W","7.2",",,W","10.3",",,W",,,,,,,,,,,,,,,,
"USW00014732","LAGUARDIA AIRPORT, NY US","40.77945","-73.88027","3.0","2022-06-06","3.0",",,W",,,"0.0",",,W,2400","0.0",",,W,2400","0.0",",,W,2400","22.2","H,,S","27.2",",,W","17.8",",,W","  160",",,W","  180",",,W","9.4",",,W","11.6",",,W",,,,,,,,,,,,,,,,
"USW00014732","LAGUARDIA AIRPORT, NY US","40.77945","-73.88027","3.0","2022-06-07","6.9",",,W",,,"1.3",",,W,2400","0.0",",,W,2400","0.0",",,W,2400","21.8","H,,S","25.6",",,W","18.3",",,W","  170",",,W","  150",",,W","12.5",",,W","16.5",",,W",,,,,,,,,,,,,,,,
"USW00014732","LAGUARDIA AIRPORT, NY US","40.77945","-73.88027","3.0","2022-06-08","4.1",",,W",,,"0.0","T,,W,2400","0.0",",,W,2400","0.0",",,W,2400","23.7","H,,S","29.4",",,W","19.4",",,W","  190",",,W","  190",",,W","8.1",",,W","11.2",",,W",,,,,,,,,,,,,,,,
"USW00014732","LAGUARDIA AIRPORT, NY US","40.77945","-73.88027","3.0","2022-06-09","6.5",",,W",,,"17.8",",,W,2400","0.0",",,W,2400","0.0",",,W,2400","24.4","H,,S","29.4",",,W","18.9",",,W","  270",",,W","  260",",,W","11.2",",,W","14.8",",,W","    1",",,W",,,"    1",",,W",,,,,,,,,,
"USW00014732","LAGUARDIA AIRPORT, NY US","40.77945","-73.88027","3.0","2022-06-10","4.4",",,W",,,"0.0",",,W,2400","0.0",",,W,2400","0.0",",,W,2400","21.8","H,,S","26.7",",,W","17.8",",,W","  280",",,W","  280",",,W","8.1",",,W","11.6",",,W",,,,,,,,,,,,,,,,
"USW00014732","LAGUARDIA AIRPORT, NY US","40.77945","-73.88027","3.0","2022-06-11","3.5",",,W",,,"5.8",",,W,2400","0.0",",,W,2400","0.0",",,W,2400","21.8","H,,S","23.9",",,W","18.3",",,W","  210",",,W","  200",",,W","6.7",",,W","8.5",",,W",,,,,,,,,,,,,,,,
"USW00014732","LAGUARDIA AIRPORT, NY US","40.77945","-73.88027","3.0","2022-06-12","4.2",",,W",,,"2.0",",,W,2400","0.0",",,W,2400","0.0",",,W,2400","20.5","H,,S","22.8",",,W","17.8",",,W","  170",",,W","  160",",,W","9.4",",,W","11.2",",,W",,,,,,,,,,,,,,,,
"USW00014732","LAGUARDIA AIRPORT, NY US","40.77945","-73.88027","3.0","2022-06-13","2.4",",,W",,,"0.0","T,,W,2400","0.0",",,W,2400","0.0",",,W,2400","24.2","H,,S","30.0",",,W","20.6",",,W","  230",",,W","  230",",,W","6.7",",,W","9.4",",,W",,,,,"    1",",,W",,,,,,,"    1",",,W",,
"USW00014732","LAGUARDIA AIRPORT, NY US","40.77945","-73.88027","3.0","2022-06-14","2.9",",,W",,,"0.0",",,W,2400","0.0",",,W,2400","0.0",",,W,2400","23.9","H,,S","28.3",",,W","19.4",",,W","   60",",,W","   30",",,W","5.8",",,W","7.6",",,W",,,,,,,,,,,,,,,,
"USW00014732","LAGUARDIA AIRPORT, NY US","40.77945","-73.88027","3.0","2022-06-15","4.4",",,W",,,"0.0",",,W,2400","0.0",",,W,2400","0.0",",,W,2400","23.3","H,,S","27.2",",,W","19.4",",,W","  180",",,W","  180",",,W","9.4",",,W","10.7",",,W",,,,,,,,,,,,,,,,
"USW00014732","LAGUARDIA AIRPORT, NY US","40.77945","-73.88027","3.0","2022-06-16","5.5",",,W",,,"7.1",",,W,2400","0.0",",,W,2400","0.0",",,W,2400","20.3","H,,S","22.8",",,W","17.2",",,W","  170",",,W","  180",",,W","9.8",",,W","13.4",",,W",,,,,"    1",",,W",,,,,,,,,,
"USW00014732","LAGUARDIA AIRPORT, NY US","40.77945","-73.88027","3.0","2022-06-17","5.6",",,W",,,"0.0",",,W,2400","0.0",",,W,2400","0.0",",,W,2400","25.2","H,,S","33.3",",,W","21.1",",,W","  270",",,W","  260",",,W","12.5",",,W","15.2",",,W",,,,,,,,,,,,,,,,
"USW00014732","LAGUARDIA AIRPORT, NY US","40.77945","-73.88027","3.0","2022-06-18","8.4",",,W",,,"0.0",",,W,2400","0.0",",,W,2400","0.0",",,W,2400","21.7","H,,S","25.0",",,W","15.0",",,W","  320",",,W","  310",",,W","13.9",",,W","18.3",",,W",,,,,,,,,,,,,,,,
"USW00014732","LAGUARDIA AIRPORT, NY US","40.77945","-73.88027","3.0","2022-06-19","7.2",",,W",,,"0.0",",,W,2400","0.0",",,W,2400","0.0",",,W,2400","17.3","H,,S","23.3",",,W","13.3",",,W","  340",",,W","  340",",,W","12.5",",,W","16.1",",,W",,,,,,,,,,,,,,,,
"USW00014732","LAGUARDIA AIRPORT, NY US","40.77945","-73.88027","3.0","2022-06-20","4.0",",,W",,,"0.0",",,W,2400","0.0",",,W,2400","0.0",",,W,2400","20.5","H,,S","26.1",",,W","16.1",",,W","  310",",,W","  310",",,W","7.6",",,W","9.8",",,W",,,,,,,,,,,,,,,,
"USW00014732","LAGUARDIA AIRPORT, NY US","40.77945","-73.88027","3.0","2022-06-21","2.7",",,W",,,"2.3",",,W,2400","0.0",",,W,2400","0.0",",,W,2400","22.1","H,,S","25.0",",,W","17.8",",,W","   50",",,W","   60",",,W","6.3",",,W","8.9",",,W","    1",",,W",,,,,,,,,,,,,,
"USW00014732","LAGUARDIA AIRPORT, NY US","40.77945","-73.88027","3.0","2022-06-22","4.6",",,W",,,"2.5",",,W,2400","0.0",",,W,2400","0.0",",,W,2400","19.1","H,,S","20.0",",,W","16.7",",,W","  120",",,W","  150",",,W","7.6",",,W","10.3",",,W","    1",",,W",,,,,,,,,,,"    1",",,W",,
"USW00014732","LAGUARDIA AIRPORT, NY US","40.77945","-73.88027","3.0","2022-06-23","3.8",",,W",,,"0.0",",,W,2400","0.0",",,W,2400","0.0",",,W,2400","19.2","H,,S","23.9",",,W","15.6",",,W","   50",",,W","   60",",,W","7.2",",,W","11.2",",,W",,,,,,,,,,,,,,,,
"USW00014732","LAGUARDIA AIRPORT, NY US","40.77945","-73.88027","3.0","2022-06-24","2.5",",,W",,,"0.0","T,,W,2400","0.0",",,W,2400","0.0",",,W,2400","21.9","H,,S","28.3",",,W","17.8",",,W","  170",",,W","  160",",,W","8.1",",,W","10.3",",,W",,,,,,,,,,,,,,,,
"USW00014732","LAGUARDIA AIRPORT, NY US","40.77945","-73.88027","3.0","2022-06-25","3.2",",,W",,,"0.0",",,W,2400","0.0",",,W,2400","0.0",",,W,2400","25.8","H,,S","32.2",",,W","20.6",",,W","  160",",,W","  150",",,W","7.6",",,W","9.4",",,W",,,,,,,,,,,,,,,,
"USW00014732","LAGUARDIA AIRPORT, NY US","40.77945","-73.88027","3.0","2022-06-26","4.0",",,W",,,"0.0",",,W,2400","0.0",",,W,2400","0.0",",,W,2400","27.0","H,,S","32.8",",,W","21.7",",,W","  160",",,W","  190",",,W","10.7",",,W","13.9",",,W",,,,,,,,,,,,,,,,
"USW00014732","LAGUARDIA AIRPORT, NY US","40.77945","-73.88027","3.0","2022-06-27","4.0",",,W",,,"12.2",",,W,2400","0.0",",,W,2400","0.0",",,W,2400","24.3","H,,S","26.1",",,W","20.6",",,W","  190",",,W","  190",",,W","8.1",",,W","10.3",",,W","    1",",,W",,,,,,,,,,,,,,
"USW00014732","LAGUARDIA AIRPORT, NY US","40.77945","-73.88027","3.0","2022-06-28","3.5",",,W",,,"0.0",",,W,2400","0.0",",,W,2400","0.0",",,W,2400","22.4","H,,S","26.1",",,W","20.0",",,W","  320",",,W","   60",",,W","6.3",",,W","8.9",",,W",,,,,,,,,,,,,,,,
"USW00014732","LAGUARDIA AIRPORT, NY US","40.77945","-73.88027","3.0","2022-06-29","3.2",",,W",,,"0.0",",,W,2400","0.0",",,W,2400","0.0",",,W,2400","23.9","H,,S","30.0",",,W","18.9",",,W","  190",",,W","  180",",,W","8.9",",,W","10.7",",,W",,,,,,,,,,,,,,,,
"USW00014732","LAGUARDIA AIRPORT, NY US","40.77945","-73.88027","3.0","2022-06-30","3.4",",,W",,,"0.0",",,W,2400","0.0",",,W,2400","0.0",",,W,2400","25.4","H,,S","31.1",",,W","21.7",",,W","  170",",,W","  170",",,W","7.2",",,W","8.5",",,W",,,,,,,,,,,,,,,,
"USW00014732","LAGUARDIA AIRPORT, NY US","40.77945","-73.88027","3.0","2022-07-01","4.7",",,W",,,"0.0",",,W,2400","0.0",",,W,2400","0.0",",,W,2400","28.1","H,,S","35.0",",,W","23.9",",,W","  230",",,W","  230",",,W","9.8",",,W","13.9",",,W",,,,,"    1",",,W",,,,,,,,,,
"USW00014732","LAGUARDIA AIRPORT, NY US","40.77945","-73.88027","3.0","2022-07-02","4.0",",,W",,,"0.0",",,W,2400","0.0",",,W,2400","0.0",",,W,2400","28.7","H,,S","32.8",",,W","25.0",",,W","  160",",,W","  160",",,W","9.4",",,W","10.7",",,W",,,,,,,,,,,,,,,,
"USW00014732","LAGUARDIA AIRPORT, NY US","40.77945","-73.88027","3.0","2022-07-03","3.7",",,W",,,"0.0",",,W,2400","0.0",",,W,2400","0.0",",,W,2400","26.9","H,,S","31.1",",,W","23.3",",,W","  330",",,W","  320",",,W","8.1",",,W","10.3",",,W",,,,,,,,,,,,,,,,
"USW00014732","LAGUARDIA AIRPORT, NY US","40.77945","-73.88027","3.0","2022-07-04","2.8",",,W",,,"0.0",",,W,2400","0.0",",,W,2400","0.0",",,W,2400","25.6","H,,S","30.6",",,W","20.0",",,W","  310",",,W","  310",",,W","6.7",",,W","8.9",",,W",,,,,,,,,,,,,,,,
"USW00014732","LAGUARDIA AIRPORT, NY US","40.77945","-73.88027","3.0","2022-07-05","5.5",",,W",,,"2.0",",,W,2400","0.0",",,W,2400","0.0",",,W,2400","25.9","H,,S","31.1",",,W","22.8",",,W","  180",",,W","  180",",,W","10.7",",,W","13.9",",,W",,,,,,,,,,,,,,,,
"USW00014732","LAGUARDIA AIRPORT, NY US","40.77945","-73.88027","3.0","2022-07-06","4.6",",,W",,,"0.0",",,W,2400","0.0",",,W,2400","0.0",",,W,2400","26.0","H,,S","30.0",",,W","22.8",",,W","  320",",,W","  320",",,W","9.4",",,W","12.1",",,W",,,,,,,,,,,,,,,,
"USW00014732","LAGUARDIA AIRPORT, NY US","40.77945","-73.88027","3.0","2022-07-07","4.7",",,W",,,"0.0",",,W,2400","0.0",",,W,2400","0.0",",,W,2400","24.2","H,,S","27.8",",,W","21.1",",,W","  120",",,W","   50",",,W","7.2",",,W","10.3",",,W",,,,,,,,,,,,,,,,
"USW00014732","LAGUARDIA AIRPORT, NY US","40.77945","-73.88027","3.0","2022-07-08","3.0",",,W",,,"7.4",",,W,2400","0.0",",,W,2400","0.0",",,W,2400","23.5","H,,S","30.0",",,W","20.0",",,W","  180",",,W","  210",",,W","6.7",",,W","9.4",",,W",,,,,,,,,,,,,,,,
"USW00014732","LAGUARDIA AIRPORT, NY US","40.77945","-73.88027","3.0","2022-07-09","3.1",",,W",,,"0.0",",,W,2400","0.0",",,W,2400","0.0",",,W,2400","24.7","H,,S","28.9",",,W","22.2",",,W","   60",",,W","   60",",,W","6.7",",,W","8.1",",,W",,,,,,,,,,,,,,,,
"USW00014732","LAGUARDIA AIRPORT, NY US","40.77945","-73.88027","3.0","2022-07-10","4.7",",,W",,,"0.0",",,W,2400","0.0",",,W,2400","0.0",",,W,2400","23.4","H,,S","27.8",",,W","20.0",",,W","  170",",,W","   40",",,W","7.6",",,W","9.8",",,W",,,,,,,,,,,,,,,,
"USW00014732","LAGUARDIA AIRPORT, NY US","40.77945","-73.88027","3.0","2022-07-11","5.2",",,W",,,"0.0",",,W,2400","0.0",",,W,2400","0.0",",,W,2400","24.0","H,,S","28.9",",,W","20.6",",,W","  190",",,W","  180",",,W","10.7",",,W","13.4",",,W",,,,,,,,,,,,,,,,
"USW00014732","LAGUARDIA AIRPORT, NY US","40.77945","-73.88027","3.0","2022-07-12","5.5",",,W",,,"0.0",",,W,2400","0.0",",,W,2400","0.0",",,W,2400","25.8","H,,S","32.8",",,W","21.7",",,W","  160",",,W","  170",",,W","10.3",",,W","11.6",",,W",,,,,,,,,,,,,,,,
"USW00014732","LAGUARDIA AIRPORT, NY US","40.77945","-73.88027","3.0","2022-07-13","3.5",",,W",,,"0.0",",,W,2400","0.0",",,W,2400","0.0",",,W,2400","28.9","H,,S","33.3",",,W","23.9",",,W","  170",",,W","  180",",,W","7.6",",,W","10.3",",,W",,,,,,,,,,,,,,,,
"USW00014732","LAGUARDIA AIRPORT, NY US","40.77945","-73.88027","3.0","2022-07-14","3.4",",,W",,,"0.0",",,W,2400","0.0",",,W,2400","0.0",",,W,2400","26.6","H,,S","32.2",",,W","22.2",",,W","  310",",,W","  330",",,W","7.2",",,W","8.9",",,W",,,,,,,,,,,,,,,,
"USW00014732","LAGUARDIA AIRPORT, NY US","40.77945","-73.88027","3.0","2022-07-15","3.9",",,W",,,"0.0",",,W,2400","0.0",",,W,2400","0.0",",,W,2400","26.1","H,,S","30.0",",,W","22.2",",,W","  160",",,W","   60",",,W","6.7",",,W","10.3",",,W",,,,,,,,,,,,,,,,
"USW00014732","LAGUARDIA AIRPORT, NY US","40.77945","-73.88027","3.0","2022-07-16","3.5",",,W",,,"14.0",",,W,2400","0.0",",,W,2400","0.0",",,W,2400","24.3","H,,S","28.9",",,W","20.6",",,W","  300",",,W","  310",",,W","14.8",",,W","18.3",",,W",,,,,"    1",",,W",,,,,,,,,,
"USW00014732","LAGUARDIA AIRPORT, NY US","40.77945","-73.88027","3.0","2022-07-17","3.2",",,W",,,"0.0","T,,W,2400","0.0",",,W,2400","0.0",",,W,2400","25.7","H,,S","28.9",",,W","22.8",",,W","  180",",,W","  180",",,W","7.2",",,W","8.9",",,W",,,,,,,,,,,,,,,,
"USW00014732","LAGUARDIA AIRPORT, NY US","40.77945","-73.88027","3.0","2022-07-18","4.6",",,W",,,"8.6",",,W,2400","0.0",",,W,2400","0.0",",,W,2400","26.2","H,,S","31.1",",,W","22.8",",,W","  270",",,W","  250",",,W","10.3",",,W","13.9",",,W","    1",",,W",,,"    1",",,W",,,,,,,"    1",",,W",,
"USW00014732","LAGUARDIA AIRPORT, NY US","40.77945","-73.88027","3.0","2022-07-19","5.6",",,W",,,"0.0",",,W,2400","0.0",",,W,2400","0.0",",,W,2400","28.2","H,,S","33.9",",,W","23.9",",,W","  260",",,W","  250",",,W","9.8",",,W","13.0",",,W",,,,,,,,,,,,,,,,
"USW00014732","LAGUARDIA AIRPORT, NY US","40.77945","-73.88027","3.0","2022-07-20","3.7",",,W",,,"0.0",",,W,2400","0.0",",,W,2400","0.0",",,W,2400","31.3","H,,S","36.1",",,W","26.7",",,W","  160",",,W","  160",",,W","9.4",",,W","11.2",",,W",,,,,,,,,,,,,,,,
"USW00014732","LAGUARDIA AIRPORT, NY US","40.77945","-73.88027","3.0","2022-07-21","4.7",",,W",,,"14.5",",,W,2400","0.0",",,W,2400","0.0",",,W,2400","29.8","H,,S","36.1",",,W","23.3",",,W","  320",",,W","   40",",,W","12.5",",,W","18.3",",,W","    1",",,W",,,"    1",",,W",,,,,,,,,,
"USW00014732","LAGUARDIA AIRPORT, NY US","40.77945","-73.88027","3.0","2022-07-22","3.5",",,W",,,"0.0","T,,W,2400","0.0",",,W,2400","0.0",",,W,2400","30.9","H,,S","35.6",",,W","26.1",",,W","  330",",,W","  300",",,W","9.4",",,W","13.9",",,W",,,,,,,,,,,,,,,,
"USW00014732","LAGUARDIA AIRPORT, NY US","40.77945","-73.88027","3.0","2022-07-23","3.5",",,W",,,"0.0",",,W,2400","0.0",",,W,2400","0.0",",,W,2400","30.3","H,,S","36.1",",,W","26.1",",,W","  190",",,W","  180",",,W","8.9",",,W","10.3",",,W",,,,,,,,,,,,,,,,
"USW00014732","LAGUARDIA AIRPORT, NY US","40.77945","-73.88027","3.0","2022-07-24","4.9",",,W",,,"0.0",",,W,2400","0.0",",,W,2400","0.0",",,W,2400","31.1","H,,S","36.7",",,W","27.8",",,W","  160",",,W","  170",",,W","9.4",",,W","11.2",",,W",,,,,,,,,,,,,,,,
"USW00014732","LAGUARDIA AIRPORT, NY US","40.77945","-73.88027","3.0","2022-07-25","4.7",",,W",,,"19.3",",,W,2400","0.0",",,W,2400","0.0",",,W,2400","29.8","H,,S","31.7",",,W","23.3",",,W","  310",",,W","  300",",,W","13.0",",,W","17.0",",,W",,,,,"    1",",,W",,,,,,,,,,
"USW00014732","LAGUARDIA AIRPORT, NY US","40.77945","-73.88027","3.0","2022-07-26","3.4",",,W",,,"0.0",",,W,2400","0.0",",,W,2400","0.0",",,W,2400","25.9","H,,S","27.8",",,W","22.2",",,W","   50",",,W","   50",",,W","9.8",",,W","11.6",",,W",,,,,,,,,,,,,,,,
"USW00014732","LAGUARDIA AIRPORT, NY US","40.77945","-73.88027","3.0","2022-07-27","3.6",",,W",,,"0.0",",,W,2400","0.0",",,W,2400","0.0",",,W,2400","25.5","H,,S","30.0",",,W","21.1",",,W","  190",",,W","  170",",,W","7.6",",,W","9.8",",,W",,,,,,,,,,,,,,,,
"USW00014732","LAGUARDIA AIRPORT, NY US","40.77945","-73.88027","3.0","2022-07-28","4.3",",,W",,,"2.0",",,W,2400","0.0",",,W,2400","0.0",",,W,2400","26.7","H,,S","31.1",",,W","23.9",",,W","  170",",,W","  180",",,W","9.4",",,W","10.7",",,W",,,,,"    1",",,W",,,,,,,,,,
"USW00014732","LAGUARDIA AIRPORT, NY US","40.77945","-73.88027","3.0","2022-07-29","3.5",",,W",,,"0.5",",,W,2400","0.0",",,W,2400","0.0",",,W,2400","28.2","H,,S","30.6",",,W","23.9",",,W","  270",",,W","  260",",,W","6.7",",,W","8.9",",,W",,,,,,,,,,,,,,,,
"USW00014732","LAGUARDIA AIRPORT, NY US","40.77945","-73.88027","3.0","2022-07-30","4.7",",,W",,,"0.0",",,W,2400","0.0",",,W,2400","0.0",",,W,2400","26.7","H,,S","31.1",",,W","23.3",",,W","  310",",,W","  320",",,W","8.9",",,W","11.6",",,W",,,,,,,,,,,,,,,,
"USW00014732","LAGUARDIA AIRPORT, NY US","40.77945","-73.88027","3.0","2022-07-31","3.4",",,W",,,"0.0","T,,W,2400","0.0",",,W,2400","0.0",",,W,2400","26.3","H,,S","30.6",",,W","22.2",",,W","  160",",,W","  160",",,W","7.2",",,W","9.4",",,W",,,,,,,,,,,,,,,,
"USW00014732","LAGUARDIA AIRPORT, NY US","40.77945","-73.88027","3.0","2022-08-01","3.1",",,W",,,"10.4",",,W,2400","0.0",",,W,2400","0.0",",,W,2400","23.1","H,,S","26.1",",,W","20.0",",,W","   60",",,W","   60",",,W","6.3",",,W","11.2",",,W","    1",",,W",,,,,,,,,,,"    1",",,W",,
"USW00014732","LAGUARDIA AIRPORT, NY US","40.77945","-73.88027","3.0","2022-08-02","3.6",",,W",,,"0.0",",,W,2400","0.0",",,W,2400","0.0",",,W,2400","26.4","H,,S","33.9",",,W","21.7",",,W","  250",",,W","  270",",,W","7.2",",,W","9.4",",,W",,,,,,,,,,,,,,,,
"USW00014732","LAGUARDIA AIRPORT, NY US","40.77945","-73.88027","3.0","2022-08-03","3.9",",,W",,,"0.0",",,W,2400","0.0",",,W,2400","0.0",",,W,2400","27.6","H,,S","33.3",",,W","23.3",",,W","  180",",,W","  160",",,W","7.6",",,W","9.8",",,W",,,,,,,,,,,,,,,,
"USW00014732","LAGUARDIA AIRPORT, NY US","40.77945","-73.88027","3.0","2022-08-04","4.2",",,W",,,"0.0",",,W,2400","0.0",",,W,2400","0.0",",W,W,2400","29.1","H,,S","34.4",",,W","26.1",",,W","  190",",,W","  190",",,W","10.3",",,W","12.5",",,W",,,,,,,,,,,,,,,,
"USW00014732","LAGUARDIA AIRPORT, NY US","40.77945","-73.88027","3.0","2022-08-05","3.6",",,W",,,"0.0",",,W,2400","0.0",",,W,2400","230.0",",W,W,2400","29.3","H,,S","34.4",",,W","26.7",",,W","  260",",,W","  250",",,W","7.6",",,W","9.8",",,W",,,,,,,,,,,,,,,,
"USW00014732","LAGUARDIA AIRPORT, NY US","40.77945","-73.88027","3.0","2022-08-06","4.2",",,W",,,"0.0",",,W,2400","0.0",",,W,2400","0.0",",,W,2400","29.6","H,,S","34.4",",,W","26.1",",,W","  220",",,W","  220",",,W","8.9",",,W","11.6",",,W",,,,,,,,,,,,,,,,
"USW00014732","LAGUARDIA AIRPORT, NY US","40.77945","-73.88027","3.0","2022-08-07","4.8",",,W",,,"15.5",",,W,2400","0.0",",,W,2400","0.0",",,W,2400","29.6","H,,S","33.9",",,W","25.0",",,W","  240",",,W","  200",",,W","10.3",",,W","14.8",",,W",,,,,"    1",",,W",,,,,,,,,,
"USW00014732","LAGUARDIA AIRPORT, NY US","40.77945","-73.88027","3.0","2022-08-08","5.5",",,W",,,"0.0",",,W,2400","0.0",",,W,2400","0.0",",,W,2400","30.3","H,,S","34.4",",,W","26.7",",,W","  160",",,W","  170",",,W","9.4",",,W","11.6",",,W",,,,,,,,,,,,,,,,
"USW00014732","LAGUARDIA AIRPORT, NY US","40.77945","-73.88027","3.0","2022-08-09","4.0",",,W",,,"1.3",",,W,2400","0.0",",,W,2400","0.0",",,W,2400","31.3","H,,S","36.7",",,W","26.7",",,W","  310",",,W","  310",",,W","13.0",",,W","17.0",",,W",,,,,"    1",",,W",,,,,,,,,,
"USW00014732","LAGUARDIA AIRPORT, NY US","40.77945","-73.88027","3.0","2022-08-10","3.8",",,W",,,"0.0",",,W,2400","0.0",",,W,2400","0.0",",,W,2400","27.2","H,,S","30.0",",,W","23.9",",,W","  180",",,W","   80",",,W","6.7",",,W","8.5",",,W",,,,,,,,,,,,,,,,
"USW00014732","LAGUARDIA AIRPORT, NY US","40.77945","-73.88027","3.0","2022-08-11","3.3",",,W",,,"3.3",",,W,2400","0.0",",,W,2400","0.0",",,W,2400","26.6","H,,S","32.8",",,W","23.3",",,W","  170",",,W","  260",",,W","7.6",",,W","8.9",",,W","    1",",,W",,,,,,,,,,,,,,
"USW00014732","LAGUARDIA AIRPORT, NY US","40.77945","-73.88027","3.0","2022-08-12","5.0",",,W",,,"0.0",",,W,2400","0.0",",,W,2400","0.0",",,W,2400","25.6","H,,S","29.4",",,W","22.2",",,W","   20",",,W","   10",",,W","8.9",",,W","11.2",",,W",,,,,,,,,,,,,,,,
"USW00014732","LAGUARDIA AIRPORT, NY US","40.77945","-73.88027","3.0","2022-08-13","4.0",",,W",,,"0.0",",,W,2400","0.0",",,W,2400","0.0",",,W,2400","23.1","H,,S","26.7",",,W","18.9",",,W","  360",",,W","  350",",,W","7.6",",,W","10.3",",,W",,,,,,,,,,,,,,,,
"USW00014732","LAGUARDIA AIRPORT, NY US","40.77945","-73.88027","3.0","2022-08-14","3.9",",,W",,,"0.0",",,W,2400","0.0",",,W,2400","0.0",",,W,2400","24.0","H,,S","28.3",",,W","21.1",",,W","  170",",,W","  170",",,W","9.4",",,W","11.2",",,W",,,,,,,,,,,,,,,,
"USW00014732","LAGUARDIA AIRPORT, NY US","40.77945","-73.88027","3.0","2022-08-15","2.9",",,W",,,"0.0",",,W,2400","0.0",",,W,2400","0.0",",,W,2400","24.3","H,,S","28.3",",,W","21.7",",,W","  130",",,W","   60",",,W","6.3",",,W","9.8",",,W",,,,,,,,,,,,,,,,
"USW00014732","LAGUARDIA AIRPORT, NY US","40.77945","-73.88027","3.0","2022-08-16","3.8",",,W",,,"0.0",",,W,2400","0.0",",,W,2400","0.0",",,W,2400","23.6","H,,S","28.9",",,W","19.4",",,W","   60",",,W","   60",",,W","8.1",",,W","10.7",",,W",,,,,,,,,,,,,,,,
"USW00014732","LAGUARDIA AIRPORT, NY US","40.77945","-73.88027","3.0","2022-08-17","3.0",",,W",,,"7.9",",,W,2400","0.0",",,W,2400","0.0",",,W,2400","23.6","H,,S","27.8",",,W","20.0",",,W","   60",",,W","   50",",,W","9.8",",,W","12.1",",,W",,,,,"    1",",,W",,,,,,,,,,
"USW00014732","LAGUARDIA AIRPORT, NY US","40.77945","-73.88027","3.0","2022-08-18","3.4",",,W",,,"0.0",",,W,2400","0.0",",,W,2400","0.0",",,W,2400","24.1","H,,S","31.1",",,W","20.0",",,W","  190",",,W","  260",",,W","7.2",",,W","9.4",",,W",,,,,,,,,,,,,,,,
"USW00014732","LAGUARDIA AIRPORT, NY US","40.77945","-73.88027","3.0","2022-08-19","3.6",",,W",,,"0.0",",,W,2400","0.0",",,W,2400","0.0",",,W,2400","26.3","H,,S","32.2",",,W","22.8",",,W","  180",",,W","  180",",,W","9.4",",,W","12.1",",,W",,,,,,,,,,,,,,,,
"USW00014732","LAGUARDIA AIRPORT, NY US","40.77945","-73.88027","3.0","2022-08-20","3.2",",,W",,,"0.0",",,W,2400","0.0",",,W,2400","0.0",",,W,2400","27.9","H,,S","32.8",",,W","24.4",",,W","  180",",,W","  170",",,W","8.9",",,W","11.2",",,W",,,,,,,,,,,,,,,,
"USW00014732","LAGUARDIA AIRPORT, NY US","40.77945","-73.88027","3.0","2022-08-21","3.9",",,W",,,"0.0",",,W,2400","0.0",",,W,2400","0.0",",,W,2400","25.3","H,,S","28.3",",,W","22.8",",,W","  140",",,W","  140",",,W","6.3",",,W","8.9",",,W",,,,,,,,,,,,,,,,
"USW00014732","LAGUARDIA AIRPORT, NY US","40.77945","-73.88027","3.0","2022-08-22","3.4",",,W",,,"6.1",",,W,2400","0.0",",,W,2400","0.0",",,W,2400","24.5","H,,S","27.2",",,W","22.8",",,W","  160",",,W","  160",",,W","7.6",",,W","9.4",",,W",,,,,"    1",",,W",,,,,,,,,,
"USW00014732","LAGUARDIA AIRPORT, NY US","40.77945","-73.88027","3.0","2022-08-23","3.9",",,W",,,"0.0","T,,W,2400","0.0",",,W,2400","0.0",",,W,2400","25.9","H,,S","31.1",",,W","22.8",",,W","  300",",,W","  290",",,W","9.4",",,W","11.6",",,W","    1",",,W",,,,,,,,,,,,,,
"USW00014732","LAGUARDIA AIRPORT, NY US","40.77945","-73.88027","3.0","2022-08-24","4.0",",,W",,,"0.0",",,W,2400","0.0",",,W,2400","0.0",",,W,2400","26.9","H,,S","32.2",",,W","23.3",",,W","  310",",,W","  260",",,W","6.7",",,W","9.4",",,W",,,,,,,,,,,,,,,,
"USW00014732","LAGUARDIA AIRPORT, NY US","40.77945","-73.88027","3.0","2022-08-25","3.3",",,W",,,"0.0",",,W,2400","0.0",",,W,2400","0.0",",,W,2400","28.1","H,,S","32.8",",,W","23.9",",,W","  170",",,W","  170",",,W","8.9",",,W","10.7",",,W",,,,,,,,,,,,,,,,
"USW00014732","LAGUARDIA AIRPORT, NY US","40.77945","-73.88027","3.0","2022-08-26","4.0",",,W",,,"7.1",",,W,2400","0.0",",,W,2400","0.0",",,W,2400","27.4","H,,S","31.1",",,W","25.6",",,W","  170",",,W","  190",",,W","9.4",",,W","11.2",",,W",,,,,"    1",",,W",,,,,,,,,,
"USW00014732","LAGUARDIA AIRPORT, NY US","40.77945","-73.88027","3.0","2022-08-27","3.0",",,W",,,"0.0",",,W,2400","0.0",",,W,2400","0.0",",,W,2400","27.8","H,,S","31.1",",,W","23.9",",,W","  160",",,W","   50",",,W","6.3",",,W","8.1",",,W",,,,,,,,,,,,,,,,
"USW00014732","LAGUARDIA AIRPORT, NY US","40.77945","-73.88027","3.0","2022-08-28","4.7",",,W",,,"0.0",",,W,2400","0.0",",,W,2400","0.0",",,W,2400","24.6","H,,S","26.7",",,W","22.8",",,W","   50",",,W","   50",",,W","7.2",",,W","9.8",",,W",,,,,,,,,,,,,,,,
"USW00014732","LAGUARDIA AIRPORT, NY US","40.77945","-73.88027","3.0","2022-08-29","4.6",",,W",,,"0.0","T,,W,2400","0.0",",,W,2400","0.0",",,W,2400","26.0","H,,S","30.6",",,W","23.9",",,W","  170",",,W","  180",",,W","9.8",",,W","12.1",",,W",,,,,,,,,,,,,,,,
"USW00014732","LAGUARDIA AIRPORT, NY US","40.77945","-73.88027","3.0","2022-08-30","5.1",",,W",,,"1.0",",,W,2400","0.0",",,W,2400","0.0",",,W,2400","26.8","H,,S","31.7",",,W","23.9",",,W","  180",",,W","  170",",,W","11.2",",,W","14.8",",,W",,,,,,,,,,,,,,,,
"USW00014732","LAGUARDIA AIRPORT, NY US","40.77945","-73.88027","3.0","2022-08-31","5.3",",,W",,,"0.0","T,,W,2400","0.0",",,W,2400","0.0",",,W,2400","25.6","H,,S","29.4",",,W","22.2",",,W","  300",",,W","  300",",,W","10.3",",,W","13.9",",,W",,,,,,,,,,,,,,,,
"USW00014732","LAGUARDIA AIRPORT, NY US","40.77945","-73.88027","3.0","2022-09-01","5.8",",,W",,,"0.0",",,W,2400","0.0",",,W,2400","0.0",",,W,2400","25.9","H,,S","30.0",",,W","20.6",",,W","  310",",,W","  300",",,W","8.9",",,W","12.1",",,W",,,,,,,,,,,,,,,,
"USW00014732","LAGUARDIA AIRPORT, NY US","40.77945","-73.88027","3.0","2022-09-02","4.4",",,W",,,"0.0",",,W,2400","0.0",",,W,2400","0.0",",,W,2400","21.7","H,,S","25.6",",,W","17.2",",,W","   40",",,W","   50",",,W","7.2",",,W","8.9",",,W",,,,,,,,,,,,,,,,
"USW00014732","LAGUARDIA AIRPORT, NY US","40.77945","-73.88027","3.0","2022-09-03","3.1",",,W",,,"0.0",",,W,2400","0.0",",,W,2400","0.0",",,W,2400","22.8","H,,S","27.8",",,W","20.0",",,W","  160",",,W","   70",",,W","6.3",",,W","8.5",",,W",,,,,,,,,,,,,,,,
"USW00014732","LAGUARDIA AIRPORT, NY US","40.77945","-73.88027","3.0","2022-09-04","3.0",",,W",,,"0.0","T,,W,2400","0.0",",,W,2400","0.0",",,W,2400","25.3","H,,S","31.7",",,W","22.8",",,W","  160",",,W","  160",",,W","7.6",",,W","8.9",",,W",,,,,,,,,,,,,,,,
"USW00014732","LAGUARDIA AIRPORT, NY US","40.77945","-73.88027","3.0","2022-09-05","3.9",",,W",,,"0.3",",,W,2400","0.0",",,W,2400","0.0",",,W,2400","25.8","H,,S","30.6",",,W","23.3",",,W","  180",",,W","  170",",,W","8.1",",,W","10.3",",,W",,,,,,,,,,,,,,,,
"USW00014732","LAGUARDIA AIRPORT, NY US","40.77945","-73.88027","3.0","2022-09-06","3.8",",,W",,,"29.5",",,W,2400","0.0",",,W,2400","0.0",",,W,2400","23.3","H,,S","24.4",",,W","20.0",",,W","   60",",,W","   70",",,W","10.3",",,W","12.5",",,W","    1",",,W",,,,,,,,,,,"    1",",,W",,
"USW00014732","LAGUARDIA AIRPORT, NY US","40.77945","-73.88027","3.0","2022-09-07","6.0",",,W",,,"0.0",",,W,2400","0.0",",,W,2400","0.0",",,W,2400","20.8","H,,S","23.3",",,W","19.4",",,W","   60",",,W","   60",",,W","10.7",",,W","13.0",",,W",,,,,,,,,,,,,"    1",",,W",,
"USW00014732","LAGUARDIA AIRPORT, NY US","40.77945","-73.88027","3.0","2022-09-08","3.5",",,W",,,"0.0",",,W,2400","0.0",",,W,2400","0.0",",,W,2400","21.8","H,,S","25.6",",,W","18.3",",,W","   70",",,W","   50",",,W","7.2",",,W","9.4",",,W",,,,,,,,,,,,,,,,
"USW00014732","LAGUARDIA AIRPORT, NY US","40.77945","-73.88027","3.0","2022-09-09","4.0",",,W",,,"0.0",",,W,2400","0.0",",,W,2400","0.0",",,W,2400","21.9","H,,S","27.2",",,W","17.8",",,W","   50",",,W","   60",",,W","6.3",",,W","9.8",",,W",,,,,,,,,,,,,,,,
"USW00014732","LAGUARDIA AIRPORT, NY US","40.77945","-73.88027","3.0","2022-09-10","2.7",",,W",,,"0.0",",,W,2400","0.0",",,W,2400","0.0",",,W,2400","23.6","H,,S","30.0",",,W","20.0",",,W","  190",",,W","  140",",,W","6.7",",,W","8.9",",,W",,,,,,,,,,,,,,,,
"USW00014732","LAGUARDIA AIRPORT, NY US","40.77945","-73.88027","3.0","2022-09-11","2.6",",,W",,,"6.9",",,W,2400","0.0",",,W,2400","0.0",",,W,2400","23.2","H,,S","25.0",",,W","19.4",",,W","   50",",,W","   60",",,W","4.5",",,W","7.6",",,W","    1",",,W",,,,,,,,,,,,,,
"USW00014732","LAGUARDIA AIRPORT, NY US","40.77945","-73.88027","3.0","2022-09-12","3.0",",,W",,,"23.6",",,W,2400","0.0",",,W,2400","0.0",",,W,2400","22.4","H,,S","27.8",",,W","20.6",",,W","  170",",,W","   60",",,W","5.8",",,W","8.1",",,W","    1",",,W",,,"    1",",,W",,,,,,,,,,
"USW00014732","LAGUARDIA AIRPORT, NY US","40.77945","-73.88027","3.0","2022-09-13","4.3",",,W",,,"42.9",",,W,2400","0.0",",,W,2400","0.0",",,W,2400","24.7","H,,S","28.9",",,W","20.0",",,W","  260",",,W","  250",",,W","9.8",",,W","13.4",",,W","    1",",,W",,,"    1",",,W",,,,,,,,,,
"USW00014732","LAGUARDIA AIRPORT, NY US","40.77945","-73.88027","3.0","2022-09-14","5.2",",,W",,,"0.0",",,W,2400","0.0",",,W,2400","0.0",",,W,2400","22.9","H,,S","26.7",",,W","18.3",",,W","  310",",,W","  310",",,W","8.9",",,W","11.6",",,W",,,,,,,,,,,,,,,,
"USW00014732","LAGUARDIA AIRPORT, NY US","40.77945","-73.88027","3.0","2022-09-15","4.8",",,W",,,"0.0",",,W,2400","0.0",",,W,2400","0.0",",,W,2400","21.8","H,,S","23.3",",,W","18.3",",,W","  330",",,W","  340",",,W","10.7",",,W","13.0",",,W",,,,,,,,,,,,,,,,
"USW00014732","LAGUARDIA AIRPORT, NY US","40.77945","-73.88027","3.0","2022-09-16","2.6",",,W",,,"0.0",",,W,2400","0.0",",,W,2400","0.0",",,W,2400","19.6","H,,S","25.0",",,W","15.0",",,W","   50",",,W","   60",",,W","5.4",",,W","6.3",",,W",,,,,,,,,,,,,,,,
"USW00014732","LAGUARDIA AIRPORT, NY US","40.77945","-73.88027","3.0","2022-09-17","4.2",",,W",,,"0.0",",,W,2400","0.0",",,W,2400","0.0",",,W,2400","20.8","H,,S","23.3",",,W","18.3",",,W","  210",",,W","   50",",,W","6.3",",,W","10.3",",,W",,,,,,,,,,,,,,,,
"USW00014732","LAGUARDIA AIRPORT, NY US","40.77945","-73.88027","3.0","2022-09-18","5.0",",,W",,,"0.0",",,W,2400","0.0",",,W,2400","0.0",",,W,2400","23.4","H,,S","29.4",",,W","20.0",",,W","  240",",,W","  230",",,W","8.9",",,W","11.2",",,W",,,,,,,,,,,,,,,,
"USW00014732","LAGUARDIA AIRPORT, NY US","40.77945","-73.88027","3.0","2022-09-19","4.3",",,W",,,"1.8",",,W,2400","0.0",",,W,2400","0.0",",,W,2400","25.6","H,,S","30.0",",,W","21.7",",,W","  270",",,W","  260",",,W","13.4",",,W","16.5",",,W",,,,,"    1",",,W",,,,,,,,,,
"USW00014732","LAGUARDIA AIRPORT, NY US","40.77945","-73.88027","3.0","2022-09-20","5.2",",,W",,,"0.0",",,W,2400","0.0",",,W,2400","0.0",",,W,2400","23.2","H,,S","26.1",",,W","20.6",",,W","  290",",,W","  290",",,W","10.3",",,W","13.0",",,W",,,,,,,,,,,,,,,,
"USW00014732","LAGUARDIA AIRPORT, NY US","40.77945","-73.88027","3.0","2022-09-21","3.3",",,W",,,"0.0",",,W,2400","0.0",",,W,2400","0.0",",,W,2400","22.0","H,,S","27.2",",,W","18.3",",,W","  170",",,W","  170",",,W","8.1",",,W","9.4",",,W",,,,,,,,,,,,,,,,
"USW00014732","LAGUARDIA AIRPORT, NY US","40.77945","-73.88027","3.0","2022-09-22","6.2",",,W",,,"4.3",",,W,2400","0.0",",,W,2400","0.0",",,W,2400","21.8","H,,S","25.6",",,W","14.4",",,W","  310",",,W","  310",",,W","13.0",",,W","17.0",",,W",,,,,"    1",",,W",,,,,,,,,,
"USW00014732","LAGUARDIA AIRPORT, NY US","40.77945","-73.88027","3.0","2022-09-23","8.8",",,W",,,"0.0",",,W,2400","0.0",",,W,2400","0.0",",,W,2400","15.1","H,,S","17.8",",,W","11.1",",,W","  310",",,W","  340",",,W","13.0",",,W","16.1",",,W",,,,,,,,,,,,,,,,
"USW00014732","LAGUARDIA AIRPORT, NY US","40.77945","-73.88027","3.0","2022-09-24","4.3",",,W",,,"0.0",",,W,2400","0.0",",,W,2400","0.0",",,W,2400","14.5","H,,S","21.7",",,W","10.6",",,W","  330",",,W","  330",",,W","8.9",",,W","11.2",",,W",,,,,,,,,,,,,,,,
"USW00014732","LAGUARDIA AIRPORT, NY US","40.77945","-73.88027","3.0","2022-09-25","4.3",",,W",,,"19.8",",,W,2400","0.0",",,W,2400","0.0",",,W,2400","19.2","H,,S","25.0",",,W","16.1",",,W","  260",",,W","  270",",,W","10.7",",,W","14.3",",,W","    1",",,W",,,"    1",",,W",,,,,,,,,,
"USW00014732","LAGUARDIA AIRPORT, NY US","40.77945","-73.88027","3.0","2022-09-26","4.9",",,W",,,"0.0",",,W,2400","0.0",",,W,2400","0.0",",,W,2400","19.4","H,,S","25.6",",,W","15.6",",,W","  220",",,W","  260",",,W","8.9",",,W","13.4",",,W",,,,,,,,,,,,,,,,
"USW00014732","LAGUARDIA AIRPORT, NY US","40.77945","-73.88027","3.0","2022-09-27","4.3",",,W",,,"0.0",",,W,2400","0.0",",,W,2400","0.0",",,W,2400","19.7","H,,S","21.7",",,W","16.7",",,W","  270",",,W","  270",",,W","8.9",",,W","11.6",",,W",,,,,,,,,,,,,,,,
"USW00014732","LAGUARDIA AIRPORT, NY US","40.77945","-73.88027","3.0","2022-09-28","4.5",",,W",,,"0.0","T,,W,2400","0.0",",,W,2400","0.0",",,W,2400","17.2","H,,S","21.1",",,W","12.8",",,W","  360",",,W","   10",",,W","7.2",",,W","9.8",",,W",,,,,,,,,,,,,,,,
"USW00014732","LAGUARDIA AIRPORT, NY US","40.77945","-73.88027","3.0","2022-09-29","5.1",",,W",,,"0.0",",,W,2400","0.0",",,W,2400","0.0",",,W,2400","16.6","H,,S","19.4",",,W","13.3",",,W","   20",",,W","   20",",,W","8.9",",,W","11.2",",,W",,,,,,,,,,,,,,,,
"USW00014732","LAGUARDIA AIRPORT, NY US","40.77945","-73.88027","3.0","2022-09-30","5.6",",,W",,,"0.0",",,W,2400","0.0",",,W,2400","0.0",",,W,2400","14.5","H,,S","17.8",",,W","11.7",",,W","   70",",,W","   60",",,W","8.9",",,W","10.3",",,W",,,,,,,,,,,,,,,,
"USW00014732","LAGUARDIA AIRPORT, NY US","40.77945","-73.88027","3.0","2022-10-01","7.8",",,W",,,"16.8",",,W,2400","0.0",",,W,2400","0.0",",,W,2400","14.8","H,,S","17.2",",,W","11.7",",,W","   50",",,W","   50",",,W","13.4",",,W","16.1",",,W","    1",",,W",,,,,,,,,,,,,,
"USW00014732","LAGUARDIA AIRPORT, NY US","40.77945","-73.88027","3.0","2022-10-02","10.2",",,W",,,"1.8",",,W,2400","0.0",",,W,2400","0.0",",,W,2400","15.2","H,,S","16.7",",,W","11.7",",,W","   50",",,W","   50",",,W","16.1",",,W","21.0",",,W",,,,,,,,,,,,,,,,
"USW00014732","LAGUARDIA AIRPORT, NY US","40.77945","-73.88027","3.0","2022-10-03","8.4",",,W",,,"11.4",",,W,2400","0.0",",,W,2400","0.0",",,W,2400","11.5","H,,S","12.8",",,W","9.4",",,W","   40",",,W","   40",",,W","13.0",",,W","16.1",",,W",,,,,,,,,,,,,,,,
"USW00014732","LAGUARDIA AIRPORT, NY US","40.77945","-73.88027","3.0","2022-10-04","7.0",",,W",,,"45.0",",,W,2400","0.0",",,W,2400","0.0",",,W,2400","10.3","H,,S","15.0",",,W","7.8",",,W","   30",",,W","   40",",,W","10.3",",,W","13.4",",,W","    1",",,W",,,"    1",",,W",,,,,,,"    1",",,W",,
"USW00014732","LAGUARDIA AIRPORT, NY US","40.77945","-73.88027","3.0","2022-10-05","4.8",",,W",,,"10.7",",,W,2400","0.0",",,W,2400","0.0",",,W,2400","13.8","H,,S","15.0",",,W","12.2",",,W","  350",",,W","  350",",,W","7.2",",,W","9.8",",,W","    1",",,W",,,"    1",",,W",,,,,,,,,,
"USW00014732","LAGUARDIA AIRPORT, NY US","40.77945","-73.88027","3.0","2022-10-06","1.7",",,W",,,"0.0",",,W,2400","0.0",",,W,2400","0.0",",,W,2400","17.6","H,,S","24.4",",,W","13.9",",,W","  320",",,W","   20",",,W","5.4",",,W","6.3",",,W",,,,,,,,,,,,,,,,
"USW00014732","LAGUARDIA AIRPORT, NY US","40.77945","-73.88027","3.0","2022-10-07","3.9",",,W",,,"0.0","T,,W,2400","0.0",",,W,2400","0.0",",,W,2400","20.3","H,,S","25.6",",,W","15.0",",,W","  320",",,W","  320",",,W","9.4",",,W","11.2",",,W",,,,,,,,,,,,,,,,
"USW00014732","LAGUARDIA AIRPORT, NY US","40.77945","-73.88027","3.0","2022-10-08","4.8",",,W",,,"0.5",",,W,2400","0.0",",,W,2400","0.0",",,W,2400","13.9","H,,S","15.0",",,W","10.0",",,W","  320",",,W","  320",",,W","9.8",",,W","11.6",",,W",,,,,,,,,,,,,,,,
"USW00014732","LAGUARDIA AIRPORT, NY US","40.77945","-73.88027","3.0","2022-10-09","3.5",",,W",,,"0.0",",,W,2400","0.0",",,W,2400","0.0",",,W,2400","12.3","H,,S","17.8",",,W","7.8",",,W","  260",",,W","  300",",,W","7.6",",,W","10.7",",,W",,,,,,,,,,,,,,,,
"USW00014732","LAGUARDIA AIRPORT, NY US","40.77945","-73.88027","3.0","2022-10-10","3.3",",,W",,,"0.0",",,W,2400","0.0",",,W,2400","0.0",",,W,2400","15.8","H,,S","20.6",",,W","11.7",",,W","  270",",,W","  250",",,W","7.2",",,W","10.3",",,W",,,,,,,,,,,,,,,,
"USW00014732","LAGUARDIA AIRPORT, NY US","40.77945","-73.88027","3.0","2022-10-11","2.5",",,W",,,"0.0",",,W,2400","0.0",",,W,2400","0.0",",,W,2400","17.0","H,,S","22.2",",,W","12.2",",,W","  180",",,W","  180",",,W","6.3",",,W","8.1",",,W",,,,,,,,,,,,,,,,
"USW00014732","LAGUARDIA AIRPORT, NY US","40.77945","-73.88027","3.0","2022-10-12","3.5",",,W",,,"0.0",",,W,2400","0.0",",,W,2400","0.0",",,W,2400","17.9","H,,S","21.1",",,W","14.4",",,W","  170",",,W","  180",",,W","9.4",",,W","11.6",",,W",,,,,,,,,,,,,,,,
"USW00014732","LAGUARDIA AIRPORT, NY US","40.77945","-73.88027","3.0","2022-10-13","5.5",",,W",,,"19.8",",,W,2400","0.0",",,W,2400","0.0",",,W,2400","18.7","H,,S","21.7",",,W","12.8",",,W","  300",",,W","  170",",,W","11.2",",,W","14.3",",,W","    1",",,W",,,"    1",",,W",,,,,,,,,,
"USW00014732","LAGUARDIA AIRPORT, NY US","40.77945","-73.88027","3.0","2022-10-14","3.7",",,W",,,"5.1",",,W,2400","0.0",",,W,2400","0.0",",,W,2400","15.7","H,,S","20.6",",,W","11.7",",,W","  310",",,W","  310",",,W","8.9",",,W","11.6",",,W","    1",",,W",,,,,,,,,,,,,,
"USW00014732","LAGUARDIA AIRPORT, NY US","40.77945","-73.88027","3.0","2022-10-15","3.6",",,W",,,"0.0",",,W,2400","0.0",",,W,2400","0.0",",,W,2400","16.2","H,,S","20.6",",,W","11.7",",,W","  180",",,W","  190",",,W","9.8",",,W","12.5",",,W",,,,,,,,,,,,,,,,
"USW00014732","LAGUARDIA AIRPORT, NY US","40.77945","-73.88027","3.0","2022-10-16","1.9",",,W",,,"0.0",",,W,2400","0.0",",,W,2400","0.0",",,W,2400","16.1","H,,S","19.4",",,W","12.2",",,W","  360",",,W","  220",",,W","5.4",",,W","6.3",",,W",,,,,,,,,,,,,,,,
"USW00014732","LAGUARDIA AIRPORT, NY US","40.77945","-73.88027","3.0","2022-10-17","3.4",",,W",,,"3.3",",,W,2400","0.0",",,W,2400","0.0",",,W,2400","16.6","H,,S","20.0",",,W","13.9",",,W","  310",",,W","  160",",,W","7.6",",,W","9.8",",,W","    1",",,W",,,,,,,,,,,,,,
"USW00014732","LAGUARDIA AIRPORT, NY US","40.77945","-73.88027","3.0","2022-10-18","4.9",",,W",,,"0.0","T,,W,2400","0.0",",,W,2400","0.0",",,W,2400","12.6","H,,S","14.4",",,W","9.4",",,W","  300",",,W","  300",",,W","8.9",",,W","11.6",",,W",,,,,,,,,,,,,,,,
"USW00014732","LAGUARDIA AIRPORT, NY US","40.77945","-73.88027","3.0","2022-10-19","5.0",",,W",,,"0.0",",,W,2400","0.0",",,W,2400","0.0",",,W,2400","10.0","H,,S","12.8",",,W","6.7",",,W","  220",",,W","  230",",,W","9.4",",,W","13.0",",,W",,,,,,,,,,,,,,,,
"USW00014732","LAGUARDIA AIRPORT, NY US","40.77945","-73.88027","3.0","2022-10-20","5.5",",,W",,,"0.0",",,W,2400","0.0",",,W,2400","0.0",",,W,2400","11.1","H,,S","15.6",",,W","7.2",",,W","  220",",,W","  240",",,W","9.8",",,W","13.0",",,W",,,,,,,,,,,,,,,,
"USW00014732","LAGUARDIA AIRPORT, NY US","40.77945","-73.88027","3.0","2022-10-21","2.4",",,W",,,"0.0",",,W,2400","0.0",",,W,2400","0.0",",,W,2400","13.4","H,,S","17.8",",,W","9.4",",,W","  270",",,W","  280",",,W","6.3",",,W","7.6",",,W",,,,,,,,,,,,,,,,
"USW00014732","LAGUARDIA AIRPORT, NY US","40.77945","-73.88027","3.0","2022-10-22","2.0",",,W",,,"0.0",",,W,2400","0.0",",,W,2400","0.0",",,W,2400","14.4","H,,S","19.4",",,W","10.0",",,W","  160",",,W","  170",",,W","5.8",",,W","7.2",",,W",,,,,,,,,,,,,,,,
"USW00014732","LAGUARDIA AIRPORT, NY US","40.77945","-73.88027","3.0","2022-10-23","6.0",",,W",,,"0.0","T,,W,2400","0.0",",,W,2400","0.0",",,W,2400","14.7","H,,S","16.7",",,W","13.3",",,W","   40",",,W","   50",",,W","10.3",",,W","13.4",",,W",,,,,,,,,,,,,,,,
"USW00014732","LAGUARDIA AIRPORT, NY US","40.77945","-73.88027","3.0","2022-10-24","5.9",",,W",,,"11.7",",,W,2400","0.0",",,W,2400","0.0",",,W,2400","14.1","H,,S","16.7",",,W","12.8",",,W","   60",",,W","   60",",,W","9.8",",,W","11.6",",,W","    1",",,W",,,,,,,,,,,"    1",",,W",,
"USW00014732","LAGUARDIA AIRPORT, NY US","40.77945","-73.88027","3.0","2022-10-25","3.3",",,W",,,"0.3",",,W,2400","0.0",",,W,2400","0.0",",,W,2400","16.9","H,,S","19.4",",,W","16.1",",,W","   50",",,W","   40",",,W","6.3",",,W","7.2",",,W","    1",",,W","    1",",,W",,,,,,,,,,,,
"USW00014732","LAGUARDIA AIRPORT, NY US","40.77945","-73.88027","3.0","2022-10-26","2.9",",,W",,,"0.0","T,,W,2400","0.0",",,W,2400","0.0",",,W,2400","18.3","H,,S","23.3",",,W","16.7",",,W","  260",",,W","  270",",,W","8.1",",,W","11.2",",,W","    1",",,W","    1",",,W",,,,,,,,,"    1",",,W",,
"USW00014732","LAGUARDIA AIRPORT, NY US","40.77945","-73.88027","3.0","2022-10-27","6.2",",,W",,,"0.0",",,W,2400","0.0",",,W,2400","0.0",",,W,2400","16.9","H,,S","18.3",",,W","11.1",",,W","  320",",,W","  320",",,W","10.3",",,W","13.0",",,W",,,,,,,,,,,,,,,,
"USW00014732","LAGUARDIA AIRPORT, NY US","40.77945","-73.88027","3.0","2022-10-28","4.7",",,W",,,"0.0",",,W,2400","0.0",",,W,2400","0.0",",,W,2400","11.3","H,,S","14.4",",,W","7.8",",,W","   40",",,W","   60",",,W","9.4",",,W","12.1",",,W",,,,,,,,,,,,,,,,
"USW00014732","LAGUARDIA AIRPORT, NY US","40.77945","-73.88027","3.0","2022-10-29","2.6",",,W",,,"0.0",",,W,2400","0.0",",,W,2400","0.0",",,W,2400","10.8","H,,S","15.0",",,W","7.2",",,W","   50",",,W","   70",",,W","6.3",",,W","8.1",",,W",,,,,,,,,,,,,,,,
"USW00014732","LAGUARDIA AIRPORT, NY US","40.77945","-73.88027","3.0","2022-10-30","1.7",",,W",,,"0.0",",,W,2400","0.0",",,W,2400","0.0",",,W,2400","12.5","H,,S","17.8",",,W","8.3",",,W","   50",",,W","   70",",,W","4.0",",,W","6.7",",,W",,,,,,,,,,,,,,,,
"USW00014732","LAGUARDIA AIRPORT, NY US","40.77945","-73.88027","3.0","2022-10-31","2.7",",,W",,,"1.8",",,W,2400","0.0",",,W,2400","0.0",",,W,2400","14.4","H,,S","18.9",",,W","11.1",",,W","  220",",,W","  210",",,W","5.8",",,W","7.6",",,W",,,,,,,,,,,,,,,,
"USW00014732","LAGUARDIA AIRPORT, NY US","40.77945","-73.88027","3.0","2022-11-01","3.9",",,W",,,"4.1",",,W,2400","0.0",",,W,2400","0.0",",,W,2400","16.9","H,,S","19.4",",,W","15.0",",,W","  300",",,W","  300",",,W","6.7",",,W","8.5",",,W","    1",",,W",,,,,,,,,,,,,,
"USW00014732","LAGUARDIA AIRPORT, NY US","40.77945","-73.88027","3.0","2022-11-02","2.7",",,W",,,"0.0",",,W,2400","0.0",",,W,2400","0.0",",,W,2400","17.6","H,,S","21.7",",,W","13.9",",,W","   40",",,W","   40",",,W","6.7",",,W","8.9",",,W",,,,,,,,,,,,,,,,
"USW00014732","LAGUARDIA AIRPORT, NY US","40.77945","-73.88027","3.0","2022-11-03","2.3",",,W",,,"0.0",",,W,2400","0.0",",,W,2400","0.0",",,W,2400","15.7","H,,S","20.0",",,W","11.7",",,W","  120",",,W","   90",",,W","5.4",",,W","7.2",",,W",,,,,,,,,,,,,,,,
"USW00014732","LAGUARDIA AIRPORT, NY US","40.77945","-73.88027","3.0","2022-11-04","2.7",",,W",,,"0.0",",,W,2400","0.0",",,W,2400","0.0",",,W,2400","15.2","H,,S","22.2",",,W","11.1",",,W","  180",",,W","  190",",,W","6.7",",,W","8.1",",,W","    1",",,W","    1",",,W",,,,,,,,,"    1",",,W",,
"USW00014732","LAGUARDIA AIRPORT, NY US","40.77945","-73.88027","3.0","2022-11-05","4.7",",,W",,,"0.0",",,W,2400","0.0",",,W,2400","0.0",",,W,2400","19.4","H,,S","23.9",",,W","17.2",",,W","  170",",,W","  170",",,W","9.4",",,W","12.1",",,W",,,,,,,,,,,,,,,,
"USW00014732","LAGUARDIA AIRPORT, NY US","40.77945","-73.88027","3.0","2022-11-06","3.5",",,W",,,"0.3",",,W,2400","0.0",",,W,2400","0.0",",,W,2400","19.8","H,,S","23.9",",,W","17.2",",,W","  160",",,W","  170",",,W","6.7",",,W","8.5",",,W",,,,,,,,,,,,,,,,
"USW00014732","LAGUARDIA AIRPORT, NY US","40.77945","-73.88027","3.0","2022-11-07","5.8",",,W",,,"0.5",",,W,2400","0.0",",,W,2400","0.0",",,W,2400","21.3","H,,S","25.6",",,W","13.3",",,W","  330",",,W","  330",",,W","11.2",",,W","14.8",",,W",,,,,,,,,,,,,,,,
"USW00014732","LAGUARDIA AIRPORT, NY US","40.77945","-73.88027","3.0","2022-11-08","6.1",",,W",,,"0.0",",,W,2400","0.0",",,W,2400","0.0",",,W,2400","13.2","H,,S","14.4",",,W","8.3",",,W","  360",",,W","   20",",,W","9.8",",,W","12.5",",,W",,,,,,,,,,,,,,,,
"USW00014732","LAGUARDIA AIRPORT, NY US","40.77945","-73.88027","3.0","2022-11-09","3.3",",,W",,,"0.0",",,W,2400","0.0",",,W,2400","0.0",",,W,2400","8.7","H,,S","12.2",",,W","5.0",",,W","  360",",,W","   20",",,W","7.2",",,W","9.8",",,W",,,,,,,,,,,,,,,,
"USW00014732","LAGUARDIA AIRPORT, NY US","40.77945","-73.88027","3.0","2022-11-10","2.6",",,W",,,"0.0",",,W,2400","0.0",",,W,2400","0.0",",,W,2400","12.6","H,,S","19.4",",,W","8.9",",,W","  160",",,W","  160",",,W","6.3",",,W","7.2",",,W",,,,,,,,,,,,,,,,
"USW00014732","LAGUARDIA AIRPORT, NY US","40.77945","-73.88027","3.0","2022-11-11","4.2",",,W",,,"31.2",",,W,2400","0.0",",,W,2400","0.0",",,W,2400","16.4","H,,S","20.6",",,W","13.9",",,W","  190",",,W","  200",",,W","12.5",",,W","17.4",",,W","    1",",,W",,,,,,,,,,,,,,
"USW00014732","LAGUARDIA AIRPORT, NY US","40.77945","-73.88027","3.0","2022-11-12","5.5",",,W",,,"2.3",",,W,2400","0.0",",,W,2400","0.0",",,W,2400","19.7","H,,S","20.6",",,W","16.1",",,W","  170",",,W","  300",",,W","11.6",",,W","14.8",",,W","    1",",,W",,,,,,,,,,,,,,
"USW00014732","LAGUARDIA AIRPORT, NY US","40.77945","-73.88027","3.0","2022-11-13","6.9",",,W",,,"0.5",",,W,2400","0.0",",,W,2400","0.0",",,W,2400","12.9","H,,S","16.7",",,W","6.1",",,W","  300",",,W","  290",",,W","11.6",",,W","15.2",",,W",,,,,,,,,,,,,,,,
"USW00014732","LAGUARDIA AIRPORT, NY US","40.77945","-73.88027","3.0","2022-11-14","5.9",",,W",,,"0.0",",,W,2400","0.0",",,W,2400","0.0",",,W,2400","6.3","H,,S","7.8",",,W","3.3",",,W","  310",",,W","  320",",,W","11.2",",,W","15.2",",,W",,,,,,,,,,,,,,,,
"USW00014732","LAGUARDIA AIRPORT, NY US","40.77945","-73.88027","3.0","2022-11-15","5.6",",,W",,,"12.4",",,W,2400","0.0",",,W,2400","0.0",",,W,2400","4.9","H,,S","8.9",",,W","2.2",",,W","   60",",,W","   60",",,W","13.0",",,W","16.1",",,W","    1",",,W",,,,,,,,,,,,,,
"USW00014732","LAGUARDIA AIRPORT, NY US","40.77945","-73.88027","3.0","2022-11-16","7.6",",,W",,,"5.1",",,W,2400","0.0",",,W,2400","0.0",",,W,2400","7.3","H,,S","10.6",",,W","3.9",",,W","   60",",,W","   60",",,W","13.0",",,W","16.1",",,W","    1",",,W",,,,,,,,,,,,,,
"USW00014732","LAGUARDIA AIRPORT, NY US","40.77945","-73.88027","3.0","2022-11-17","7.0",",,W",,,"0.0",",,W,2400","0.0",",,W,2400","0.0",",,W,2400","5.7","H,,S","8.3",",,W","3.9",",,W","  260",",,W","  270",",,W","11.6",",,W","14.8",",,W",,,,,,,,,,,,,,,,
"USW00014732","LAGUARDIA AIRPORT, NY US","40.77945","-73.88027","3.0","2022-11-18","7.2",",,W",,,"0.0",",,W,2400","0.0",",,W,2400","0.0",",,W,2400","4.5","H,,S","6.7",",,W","2.2",",,W","  230",",,W","  250",",,W","11.2",",,W","14.8",",,W",,,,,,,,,,,,,,,,
"USW00014732","LAGUARDIA AIRPORT, NY US","40.77945","-73.88027","3.0","2022-11-19","5.0",",,W",,,"0.0",",,W,2400","0.0",",,W,2400","0.0",",,W,2400","2.8","H,,S","5.0",",,W","0.0",",,W","  270",",,W","  260",",,W","9.4",",,W","13.0",",,W",,,,,,,,,,,,,,,,
"USW00014732","LAGUARDIA AIRPORT, NY US","40.77945","-73.88027","3.0","2022-11-20","8.2",",,W",,,"0.0",",,W,2400","0.0",",,W,2400","0.0",",,W,2400","2.7","H,,S","4.4",",,W","-0.5",",,W","  280",",,W","  280",",,W","14.3",",,W","18.8",",,W",,,,,,,,,,,,,,,,
"USW00014732","LAGUARDIA AIRPORT, NY US","40.77945","-73.88027","3.0","2022-11-21","5.1",",,W",,,"0.0",",,W,2400","0.0",",,W,2400","0.0",",,W,2400","1.1","H,,S","5.6",",,W","-1.6",",,W","  210",",,W","  240",",,W","10.3",",,W","14.3",",,W",,,,,,,,,,,,,"    1",",,W",,
"USW00014732","LAGUARDIA AIRPORT, NY US","40.77945","-73.88027","3.0","2022-11-22","4.0",",,W",,,"0.0",",,W,2400","0.0",",,W,2400","0.0",",,W,2400","6.6","H,,S","10.6",",,W","3.9",",,W","  240",",,W","  230",",,W","7.6",",,W","10.3",",,W",,,,,,,,,,,,,,,,
"USW00014732","LAGUARDIA AIRPORT, NY US","40.77945","-73.88027","3.0","2022-11-23","3.4",",,W",,,"0.0",",,W,2400","0.0",",,W,2400","0.0",",,W,2400","9.4","H,,S","12.8",",,W","6.1",",,W","  300",",,W","  300",",,W","7.2",",,W","9.4",",,W",,,,,,,,,,,,,,,,
"USW00014732","LAGUARDIA AIRPORT, NY US","40.77945","-73.88027","3.0","2022-11-24","2.8",",,W",,,"0.0",",,W,2400","0.0",",,W,2400","0.0",",,W,2400","8.1","H,,S","11.7",",,W","5.0",",,W","  170",",,W","  170",",,W","5.8",",,W","6.7",",,W",,,,,,,,,,,,,,,,
"USW00014732","LAGUARDIA AIRPORT, NY US","40.77945","-73.88027","3.0","2022-11-25","6.0",",,W",,,"0.0","T,,W,2400","0.0",",,W,2400","0.0",",,W,2400","10.0","H,,S","13.3",",,W","8.3",",,W","  320",",,W","  320",",,W","14.3",",,W","17.9",",,W",,,,,,,,,,,,,,,,
"USW00014732","LAGUARDIA AIRPORT, NY US","40.77945","-73.88027","3.0","2022-11-26","5.9",",,W",,,"0.0",",,W,2400","0.0",",,W,2400","0.0",",,W,2400","9.3","H,,S","13.9",",,W","6.7",",,W","  320",",,W","  320",",,W","12.5",",,W","14.8",",,W",,,,,,,,,,,,,,,,
"USW00014732","LAGUARDIA AIRPORT, NY US","40.77945","-73.88027","3.0","2022-11-27","4.8",",,W",,,"13.7",",,W,2400","0.0",",,W,2400","0.0",",,W,2400","10.7","H,,S","16.1",",,W","9.4",",,W","  260",",,W","  270",",,W","11.6",",,W","15.7",",,W","    1",",,W",,,,,,,,,,,"    1",",,W",,
"USW00014732","LAGUARDIA AIRPORT, NY US","40.77945","-73.88027","3.0","2022-11-28","7.2",",,W",,,"0.0","T,,W,2400","0.0",",,W,2400","0.0",",,W,2400","12.2","H,,S","13.3",",,W","5.6",",,W","  260",",,W","  250",",,W","13.4",",,W","16.5",",,W",,,,,,,,,,,,,,,,
"USW00014732","LAGUARDIA AIRPORT, NY US","40.77945","-73.88027","3.0","2022-11-29","2.7",",,W",,,"0.0",",,W,2400","0.0",",,W,2400","0.0",",,W,2400","5.4","H,,S","6.7",",,W","3.3",",,W","  330",",,W","   60",",,W","5.8",",,W","8.9",",,W",,,,,,,,,,,,,,,,
"USW00014732","LAGUARDIA AIRPORT, NY US","40.77945","-73.88027","3.0","2022-11-30","6.5",",,W",,,"10.9",",,W,2400","0.0",",,W,2400","0.0",",,W,2400","8.4","H,,S","15.0",",,W","3.9",",,W","  180",",,W","  180",",,W","16.1",",,W","21.5",",,W","    1",",,W",,,,,,,,,,,,,,
"USW00014732","LAGUARDIA AIRPORT, NY US","40.77945","-73.88027","3.0","2022-12-01","7.6",",,W",,,"0.0",",,W,2400","0.0",",,W,2400","0.0",",,W,2400","5.7","H,,S","6.7",",,W","2.2",",,W","  290",",,W","  310",",,W","12.5",",,W","15.2",",,W",,,,,,,,,,,,,,,,
"USW00014732","LAGUARDIA AIRPORT, NY US","40.77945","-73.88027","3.0","2022-12-02","3.0",",,W",,,"0.0",",,W,2400","0.0",",,W,2400","0.0",",,W,2400","3.4","H,,S","7.2",",,W","1.1",",,W","  290",",,W","  290",",,W","7.6",",,W","8.9",",,W",,,,,,,,,,,,,,,,
"USW00014732","LAGUARDIA AIRPORT, NY US","40.77945","-73.88027","3.0","2022-12-03","5.8",",,W",,,"10.4",",,W,2400","0.0",",,W,2400","0.0",",,W,2400","10.6","H,,S","15.0",",,W","7.2",",,W","  310",",,W","  290",",,W","13.0",",,W","18.8",",,W","    1",",,W",,,,,,,,,,,,,,
"USW00014732","LAGUARDIA AIRPORT, NY US","40.77945","-73.88027","3.0","2022-12-04","4.3",",,W",,,"0.0",",,W,2400","0.0",",,W,2400","0.0",",,W,2400","7.0","H,,S","7.8",",,W","3.9",",,W","  320",",,W","  300",",,W","10.3",",,W","13.9",",,W",,,,,,,,,,,,,,,,
"USW00014732","LAGUARDIA AIRPORT, NY US","40.77945","-73.88027","3.0","2022-12-05","2.4",",,W",,,"0.0",",,W,2400","0.0",",,W,2400","0.0",",,W,2400","5.4","H,,S","8.3",",,W","2.2",",,W","  170",",,W","  170",",,W","5.4",",,W","6.7",",,W",,,,,,,,,,,,,,,,
"USW00014732","LAGUARDIA AIRPORT, NY US","40.77945","-73.88027","3.0","2022-12-06","4.6",",,W",,,"19.8",",,W,2400","0.0",",,W,2400","0.0",",,W,2400","9.3","H,,S","15.6",",,W","5.0",",,W","  160",",,W","  180",",,W","10.3",",,W","14.3",",,W","    1",",,W",,,,,,,,,,,"    1",",,W",,
"USW00014732","LAGUARDIA AIRPORT, NY US","40.77945","-73.88027","3.0","2022-12-07","3.8",",,W",,,"9.1",",,W,2400","0.0",",,W,2400","0.0",",,W,2400","13.8","H,,S","15.0",",,W","12.8",",,W","  170",",,W","  170",",,W","10.3",",,W","13.4",",,W","    1",",,W",,,,,,,,,,,,,,
"USW00014732","LAGUARDIA AIRPORT, NY US","40.77945","-73.88027","3.0","2022-12-08","5.2",",,W",,,"0.0",",,W,2400","0.0",",,W,2400","0.0",",,W,2400","11.6","H,,S","13.3",",,W","5.6",",,W","  360",",,W","  330",",,W","8.9",",,W","11.2",",,W",,,,,,,,,,,,,,,,
"USW00014732","LAGUARDIA AIRPORT, NY US","40.77945","-73.88027","3.0","2022-12-09","5.0",",,W",,,"0.0",",,W,2400","0.0",",,W,2400","0.0",",,W,2400","5.3","H,,S","7.2",",,W","2.2",",,W","  350",",,W","  330",",,W","7.6",",,W","10.7",",,W",,,,,,,,,,,,,,,,
"USW00014732","LAGUARDIA AIRPORT, NY US","40.77945","-73.88027","3.0","2022-12-10","4.7",",,W",,,"0.0",",,W,2400","0.0",",,W,2400","0.0",",,W,2400","2.2","H,,S","3.9",",,W","-0.5",",,W","   40",",,W","   50",",,W","8.9",",,W","11.2",",,W",,,,,,,,,,,,,,,,
"USW00014732","LAGUARDIA AIRPORT, NY US","40.77945","-73.88027","3.0","2022-12-11","5.7",",,W",,,"6.4",",,W,2400","3.0",",,W,2400","0.0",",,W,2400","3.4","H,,S","5.0",",,W","0.6",",,W","   60",",,W","   60",",,W","9.4",",,W","10.7",",,W","    1",",,W",,,,,,,,,,,,,,
"USW00014732","LAGUARDIA AIRPORT, NY US","40.77945","-73.88027","3.0","2022-12-12","5.2",",,W",,,"0.0","T,,W,2400","8.0",",,W,2400","0.0","T,,W,2400","1.6","H,,S","3.3",",,W","-1.0",",,W","  330",",,W","  360",",,W","9.4",",,W","11.2",",,W","    1",",,W",,,,,,,,,,,,,,
"USW00014732","LAGUARDIA AIRPORT, NY US","40.77945","-73.88027","3.0","2022-12-13","5.1",",,W",,,"0.0",",,W,2400","0.0",",,W,2400","0.0",",,W,2400","0.3","H,,S","5.0",",,W","-2.7",",,W","  310",",,W","  350",",,W","8.9",",,W","10.7",",,W",,,,,,,,,,,,,,,,
"USW00014732","LAGUARDIA AIRPORT, NY US","40.77945","-73.88027","3.0","2022-12-14","6.0",",,W",,,"0.0",",,W,2400","0.0",",,W,2400","0.0",",,W,2400","1.7","H,,S","4.4",",,W","0.0",",,W","  300",",,W","  300",",,W","9.4",",,W","12.5",",,W",,,,,,,,,,,,,,,,
"USW00014732","LAGUARDIA AIRPORT, NY US","40.77945","-73.88027","3.0","2022-12-15","6.3",",,W",,,"15.0",",,W,2400","0.0",",,W,2400","0.0",",,W,2400","2.7","H,,S","6.7",",,W","0.6",",,W","   70",",,W","   70",",,W","13.0",",,W","16.5",",,W",,,,,,,,,,,,,,,,
"USW00014732","LAGUARDIA AIRPORT, NY US","40.77945","-73.88027","3.0","2022-12-16","9.1",",,W",,,"13.7",",,W,2400","0.0",",,W,2400","0.0",",,W,2400","6.2","H,,S","8.3",",,W","3.9",",,W","   70",",,W","   50",",,W","13.4",",,W","17.4",",,W","    1",",,W",,,,,,,,,,,,,,
"USW00014732","LAGUARDIA AIRPORT, NY US","40.77945","-73.88027","3.0","2022-12-17","6.7",",,W",,,"0.0",",,W,2400","0.0",",,W,2400","0.0",",,W,2400","5.0","H,,S","7.2",",,W","2.8",",,W","  270",",,W","  260",",,W","10.3",",,W","13.0",",,W",,,,,,,,,,,,,,,,
"USW00014732","LAGUARDIA AIRPORT, NY US","40.77945","-73.88027","3.0","2022-12-18","6.3",",,W",,,"0.0",",,W,2400","0.0",",,W,2400","0.0",",,W,2400","3.1","H,,S","4.4",",,W","1.1",",,W","  270",",,W","  280",",,W","10.7",",,W","14.3",",,W",,,,,,,,,,,,,,,,
"USW00014732","LAGUARDIA AIRPORT, NY US","40.77945","-73.88027","3.0","2022-12-19","7.2",",,W",,,"0.0",",,W,2400","0.0",",,W,2400","0.0",",,W,2400","1.7","H,,S","3.9",",,W","0.0",",,W","  310",",,W","  310",",,W","13.0",",,W","15.2",",,W",,,,,,,,,,,,,,,,
"USW00014732","LAGUARDIA AIRPORT, NY US","40.77945","-73.88027","3.0","2022-12-20","5.2",",,W",,,"0.0",",,W,2400","0.0",",,W,2400","0.0",",,W,2400","1.9","H,,S","4.4",",,W","0.0",",,W","  330",",,W","  320",",,W","9.4",",,W","11.6",",,W",,,,,,,,,,,,,,,,
"USW00014732","LAGUARDIA AIRPORT, NY US","40.77945","-73.88027","3.0","2022-12-21","2.1",",,W",,,"0.0",",,W,2400","0.0",",,W,2400","0.0",",,W,2400","1.0","H,,S","5.0",",,W","-1.6",",,W","   50",",,W","   70",",,W","4.0",",,W","6.7",",,W",,,,,,,,,,,,,,,,
"USW00014732","LAGUARDIA AIRPORT, NY US","40.77945","-73.88027","3.0","2022-12-22","6.0",",,W",,,"5.3",",,W,2400","0.0",",,W,2400","0.0",",,W,2400","3.8","H,,S","8.3",",,W","1.1",",,W","   60",",,W","   60",",,W","12.5",",,W","15.7",",,W","    1",",,W",,,,,,,,,,,,,,
"USW00014732","LAGUARDIA AIRPORT, NY US","40.77945","-73.88027","3.0","2022-12-23","10.9",",,W",,,"24.1",",,W,2400","0.0","T,,W,2400","0.0",",,W,2400","7.5","H,,S","15.0",",,W","-12.7",",,W","  140",",,W","  270",",,W","17.4",",,W","25.0",",,W","    1",",,W",,,"    1",",,W","    1",",,W",,,,,"    1",",,W",,
"USW00014732","LAGUARDIA AIRPORT, NY US","40.77945","-73.88027","3.0","2022-12-24","8.8",",,W",,,"0.0",",,W,2400","0.0",",,W,2400","0.0",",,W,2400","-11.7","H,,S","-8.8",",,W","-13.8",",,W","  260",",,W","  260",",,W","14.8",",,W","18.8",",,W",,,,,,,,,,,,,,,,
"USW00014732","LAGUARDIA AIRPORT, NY US","40.77945","-73.88027","3.0","2022-12-25","7.4",",,W",,,"0.0",",,W,2400","0.0",",,W,2400","0.0",",,W,2400","-6.9","H,,S","-2.1",",,W","-9.3",",,W","  260",",,W","  260",",,W","11.2",",,W","15.2",",,W",,,,,,,,,,,,,,,,
"USW00014732","LAGUARDIA AIRPORT, NY US","40.77945","-73.88027","3.0","2022-12-26","5.3",",,W",,,"0.0",",,W,2400","0.0",",,W,2400","0.0",",,W,2400","-4.7","H,,S","-1.0",",,W","-7.1",",,W","  270",",,W","  270",",,W","9.8",",,W","12.5",",,W",,,,,,,,,,,,,,,,
"USW00014732","LAGUARDIA AIRPORT, NY US","40.77945","-73.88027","3.0","2022-12-27","4.4",",,W",,,"0.0",",,W,2400","0.0",",,W,2400","0.0",",,W,2400","-0.7","H,,S","1.7",",,W","-1.6",",,W","  270",",,W","  280",",,W","7.6",",,W","10.7",",,W",,,,,,,,,,,,,,,,
"USW00014732","LAGUARDIA AIRPORT, NY US","40.77945","-73.88027","3.0","2022-12-28","3.4",",,W",,,"0.0",",,W,2400","0.0",",,W,2400","0.0",",,W,2400","3.4","H,,S","8.3",",,W","0.6",",,W","  230",",,W","  220",",,W","7.6",",,W","10.7",",,W",,,,,,,,,,,,,,,,
"USW00014732","LAGUARDIA AIRPORT, NY US","40.77945","-73.88027","3.0","2022-12-29","3.4",",,W",,,"0.0",",,W,2400","0.0",",,W,2400","0.0",",,W,2400","6.4","H,,S","10.6",",,W","3.3",",,W","  220",",,W","  220",",,W","6.3",",,W","7.2",",,W",,,,,,,,,,,,,,,,
"USW00014732","LAGUARDIA AIRPORT, NY US","40.77945","-73.88027","3.0","2022-12-30","2.5",",,W",,,"0.0",",,W,2400","0.0",",,W,2400","0.0",",,W,2400","9.3","H,,S","15.6",",,W","3.3",",,W","  210",",,W","  210",",,W","5.8",",,W","7.6",",,W",,,,,,,,,,,,,,,,
"USW00014732","LAGUARDIA AIRPORT, NY US","40.77945","-73.88027","3.0","2022-12-31","2.1",",,W",,,"7.9",",,W,2400","0.0",",,W,2400","0.0",",,W,2400","8.2","H,,S","12.8",",,W","5.6",",,W","  220",",,W","  230",",,W","4.5",",,W","6.7",",,W","    1",",,W","    1",",,W",,,,,,,,,"    1",",,W",,
